Date,NoDur,Durbl,Manuf,Enrgy,Chems,BusEq,Telcm,Utils,Shops,Hlth ,Money,Other
192607,1.45,15.55,3.67,-1.18,8.01,3.16,0.83,7.04,0.11,1.77,-0.02,2.22
192608,3.97,3.68,2.42,3.47,5.14,1.97,2.17,-1.69,-0.71,4.25,4.47,4.34
192609,1.14,4.8,-0.07,-3.39,5.3,-0.34,2.41,2.04,0.21,0.69,-1.61,0.37
192610,-1.24,-8.23,-3.16,-0.78,-4.55,-5.38,-0.11,-2.63,-2.29,-0.57,-5.51,-2.73
192611,5.2,-0.19,3.82,0.01,5.11,4.79,1.63,3.71,6.43,5.42,2.34,2.1
192612,0.82,9.89,3.72,2.82,5.13,-1.78,1.99,-0.17,0.62,0.11,2.6,3.51
192701,-0.67,-0.92,-0.36,1.29,0.29,-0.77,1.88,-1.79,-2.55,5.05,-2.04,1.63
192702,3.37,8.91,4.6,1.47,9.56,4.6,3.97,4.53,3.61,1.71,2.71,5.13
192703,2.73,1.62,0.36,-6.01,5.95,0.55,5.56,0.37,-0.41,1.01,0.92,1.23
192704,3.35,3.15,0.17,-5.17,2.79,6.2,-2.13,1.71,4.46,2.74,2.45,0.77
192705,8.14,5.93,5.41,4.82,4.14,7.71,3.35,9.21,2.34,4.12,10.03,6.42
192706,-1.79,-3,-2.58,-3.16,-1.73,2.88,-2.14,-3.57,-0.62,0.54,-0.06,-2.22
192707,4.81,13.09,10.1,2.85,17.1,13.32,3.73,5.31,9.84,9.84,6.5,6.02
192708,2.76,6.98,3.01,-0.04,2.11,6.73,0.43,3.43,7.34,0.28,1.81,-1.18
192709,5.24,5.67,4.31,3.32,5.79,0.86,6.53,8.29,7.5,5.65,5.98,4.52
192710,-0.8,-4.38,-6.67,-2.04,-6.92,-7.15,-2.09,-4.34,-4.93,5.13,4.01,-4.25
192711,6.81,6.39,11.36,4.16,8.95,11.19,2.83,6.32,11.67,3.68,7.92,4.29
192712,2.46,7.77,3.72,0.89,-0.04,2.12,1.33,2.24,-0.68,-0.46,11.17,1.38
192801,0.52,-3.34,-0.59,-1.86,-0.44,-0.44,0.3,5.87,-0.88,2.69,1.48,-1.18
192802,-4.17,1.26,-2.61,-0.22,0.99,-0.84,-0.3,-0.68,-1.12,-1.38,-2.9,-1.96
192803,4.39,27.49,6.4,5.32,12.62,22.44,1.96,6.62,8.49,10.54,9.56,5.8
192804,-0.46,1.46,2.03,15.12,0.06,2.31,3.22,10.94,0,2.35,9.19,3.95
192805,0.88,5.65,3.97,-5.29,2.69,1.69,6.61,1.51,3.79,9.27,2.06,-0.16
192806,-4.42,-4.08,-5.59,-4.07,-2.73,-5.35,-5.22,-3.43,-3.4,-3.15,-9.96,-3.84
192807,1.68,0.94,2.15,1.05,2.01,-0.03,-1.28,-1.24,5.44,2.39,0.33,-0.42
192808,6.11,9.04,8.17,2.41,8.91,11.17,4.55,6.46,13.53,14.57,5.16,4.71
192809,1.14,7.88,3.63,5.34,4.6,1.29,0.15,3.76,0.17,-1.14,1.83,0.93
192810,0.9,0.08,3.91,2.04,5.11,1.98,2.97,-1.89,5.9,0.05,2.61,-0.72
192811,6.62,4.51,12.74,17.23,12.89,21.68,6.68,21.93,15.29,5.05,9.94,9.96
192812,-0.52,-1.22,3.26,-4.36,1.93,8.18,-0.38,1.57,-1.32,-0.41,1.06,0.34
192901,3.38,1.3,7.07,-7.59,21.78,11.54,13.38,13.17,-3.88,3.43,8.12,5.31
192902,-2.62,-0.03,4.82,-0.1,-0.58,-0.94,-1.15,-1.99,-2.41,0.05,0.83,-0.06
192903,-4.63,-1.88,-1.28,11.03,-3.56,5.29,4.29,-3.17,-5.13,-1.5,-1.15,-2.27
192904,1.8,-0.98,1.77,0.74,3.61,1.91,3.39,5.13,3.75,1.48,0.51,0.45
192905,-3.94,-15.05,-10.44,-5.57,-7.22,0.69,-8.77,4.8,-8.65,-7.84,-3.23,0.32
192906,5.36,7.01,11.01,1.14,19.59,18.18,13.7,23.47,9.47,4.52,6.3,5.7
192907,3.23,-2.95,3.91,0.16,4.83,9.42,13.68,9.14,1.04,2.59,8.36,6.27
192908,4.77,3,9.08,11.36,10.92,12.36,10.98,9.05,7.79,3.09,5.82,8.06
192909,-3.6,-8.35,-7.16,-2.95,-6.26,-8.34,-1.37,1.32,-5.47,-7.02,-5.75,-6.49
192910,-10.64,-28.94,-17.19,-10.07,-24.79,-29.57,-15.39,-30.04,-23.97,-18.02,-28.84,-9.15
192911,-8.44,-17.31,-13.5,-6.42,-16.13,-19.7,-9.47,-14.64,-12.34,-7.9,-13.88,-9.06
192912,0.64,4.9,0.1,-1.18,5.82,11.87,1.01,7.94,-6.03,1.11,-0.4,-0.5
193001,5.7,5.95,6.43,-0.76,8.53,10.77,1.2,7.25,4.69,2.55,9.74,4.34
193002,2.15,2.44,2.61,-4.49,2.11,7.23,7.06,8.57,-5.13,3.15,5.85,2.94
193003,2.11,11.37,5.92,17.94,9.96,8,8.79,9.72,-2.44,5.99,8.74,4.35
193004,0.54,-7.81,-7.68,6.55,-4.96,1.59,-4.52,3.34,2.63,-1.27,-4.08,-6.74
193005,1.36,4.12,-1.54,-3.73,-2.43,-4.58,0.4,-1.33,-0.17,-1.49,-5.71,-0.32
193006,-11.04,-22.27,-15.85,-15.47,-17.83,-20.18,-8.34,-19.06,-16.26,-13.34,-21.44,-10.46
193007,3.14,12.1,4.29,5.18,5.71,4.14,1.27,4.06,2.7,6.52,4.42,3.29
193008,1.98,-1.89,-1.34,-3.2,3.87,1.74,1.74,1.18,4.96,7.71,1.26,-0.64
193009,-8.96,-16.73,-13.8,-15.46,-13.15,-19.11,-5.27,-11.92,-10.91,-8.7,-18.09,-9.33
193010,-4.85,-11.64,-9.68,-8.37,-10.71,-18.07,-4.12,-8.28,-8.61,-4.37,-15.34,-7.46
193011,0.18,5.37,-0.52,-3.72,-0.36,-3.5,-3.27,-8.74,2.74,-3.23,-8.32,-4.76
193012,-4.59,-1.26,-9.92,-12.32,-4.73,-10.58,-3.8,-3.69,-13.44,-6.79,-12.42,-8.35
193101,5.4,8.02,4.64,5.31,1.19,5.19,4.79,5.53,7.19,8.23,18.59,11.09
193102,6.81,17.37,13.42,5.77,11.7,23.61,5.95,15.27,14.79,7.81,17.06,3.99
193103,-1.69,-3.81,-6.98,-14.26,-6.29,-7.87,-3.58,-2.94,-3.27,1.8,-8.48,-9.53
193104,-5.29,-7.87,-15.12,-13.45,-10.72,-14.21,-4.25,-9.04,-4.84,-3.62,-15.19,-9.11
193105,-11.01,-16.08,-18.61,-12.54,-11.73,-12.37,-8.94,-11.15,-3.27,-10.26,-18.93,-17.18
193106,10.73,14.63,17.57,17.57,16.78,19.14,10.21,11,7.86,9.69,23.38,15.25
193107,-3.81,-2.1,-12.63,-3.63,-5.24,-10.63,-4.87,-5.39,-1.53,2.61,-8.72,-10.1
193108,-0.65,-2.78,-0.36,9.48,0.83,3.55,0.82,-1.74,3.02,0.39,0.38,-4.94
193109,-24.69,-34.8,-28.84,-29.84,-31.43,-34.65,-21.56,-33.05,-30.24,-29.45,-39.89,-23.37
193110,6.89,12.96,5.82,14.02,7.3,11.58,4.34,10.48,13.97,11.26,11.97,0.05
193111,-4.35,-3.49,-9.97,-8.69,-5.67,-14.51,-6.86,-4.77,-9.4,-2.79,-11.1,-20.83
193112,-9.51,-8.78,-19.89,-18.91,-6.76,-13.75,-7.94,-13.24,-15.17,-4.1,-20.97,-15.49
193201,2.06,-6.9,1.79,-4.86,-4.32,-12.71,-4.04,-2.52,0.79,-2.66,3.84,7.42
193202,5.37,2.09,4.56,8.75,7.35,7.71,11.63,7.04,4.11,2.05,13.57,-3.18
193203,-5.98,-22.18,-14.69,-1.1,-12.8,-15.95,-9.9,-9.57,-9.27,-6.41,-15.18,-16.15
193204,-11.35,-29.53,-20.66,-13.94,-27.72,-22.52,-12.39,-15.5,-15.71,-19.77,-19.22,-23.13
193205,-21.22,-18.59,-21.27,-5.56,-12.9,-30.2,-10.81,-26.82,-29.28,-34.08,-30.34,-29.93
193206,1.16,-7.82,1.25,5.94,-7.98,7.99,-9.55,1.45,-0.59,11.05,6.28,-4.13
193207,24.7,44.95,46.64,35.13,30.16,49.48,16.7,29.35,27.11,29.18,51.98,56.97
193208,22.71,45.25,52.18,19.49,33.17,48.24,28.17,43.46,32.91,35.87,59.1,58.54
193209,-0.86,8.5,-5.62,-10.16,4.74,-6.11,0.24,-4.65,3.06,-11.92,-6.85,-3.38
193210,-11.41,-24.75,-15.92,-3.79,-14.72,-20.63,-8.13,-10.82,-12.68,-18.56,-17.08,-18.23
193211,-7.1,-2.71,-13.95,-4.53,-2.45,-8.84,-1.12,-3.6,-5.61,5.53,-3.39,-7.87
193212,3.81,4.47,-0.51,0.05,10.7,6.87,3.67,9.12,5,6.82,8.91,3.72
193301,4.66,0.83,4.73,-3.01,1.69,0.6,0.31,-4.38,-2.4,-1.13,1.51,10.66
193302,-9.06,-24.48,-17.41,-13.9,-17.25,-21.28,-7.77,-19.85,-17.96,-10.82,-20.16,-15.37
193303,10.37,9.23,13.76,4.39,6.41,6.64,-5.85,-12.79,8.53,-3.16,-6.84,6.56
193304,34.17,79.79,60.17,38.99,48.6,58.59,13.22,25.36,42.45,37.13,42.9,28.03
193305,12.71,26.05,25.78,17.71,25.97,19.8,17.37,19.29,17.06,23.49,26.14,32.92
193306,10.34,20.75,13.1,12.5,10.6,11.38,10.5,15.58,16.26,10.39,18.44,13.54
193307,-6.61,-7.05,-12.17,-12.05,-9.47,-11.48,-4.36,-13.58,-13.46,-19.11,-12.38,-5.18
193308,9.86,20.76,14.39,19.07,19.23,13.3,4.53,-1.23,7.15,-0.38,9.2,15.84
193309,-7.45,-15.32,-10.99,-2.69,-8.23,-18.41,-3.56,-19.74,-8.74,-1.31,-16.87,-16.28
193310,-9.12,-10.06,-9.87,-4.85,-4.64,-10.11,-7.18,-7.5,-7.83,-6.02,-13.1,-10.43
193311,5.21,25.38,11.63,14.69,14.42,13.2,5.63,-2.39,14.45,9.4,6.55,5.09
193312,-3.39,10.45,4.34,-1.2,5.04,1.07,-3.75,1.05,4.57,-11.73,3.5,4.95
193401,10.02,13.2,14.65,8.72,5.12,16.95,5.97,20.52,17.3,16.77,23.89,17.46
193402,-4.98,-2.06,-3.36,-3.38,-2.47,-7.4,2.12,-1.69,3.03,-3.59,-1.79,-1.9
193403,1.17,-0.3,-1.03,-1.33,-1.81,4.21,1.27,-1.8,2.4,-0.64,0.66,0.85
193404,3.1,-6.85,-2.33,-1.99,-2.76,-3.72,-1.25,-3.75,-1.21,8,-1.01,-1.73
193405,-3,-12.82,-11.29,-4.63,-6.76,-8.13,-4.3,-7.73,-7.92,-0.38,-8.33,-7.15
193406,3.85,-2.75,3.85,1.2,4.83,2.75,1.32,4.26,2.43,2.04,5.1,2.68
193407,-5.12,-13.83,-14.69,-9.73,-5.18,-13.9,-4.34,-17.24,-8.35,-1.89,-14.78,-17.97
193408,4.22,10.87,8,6.12,6.32,7.36,2.56,2.04,4.72,-3.05,5.63,4.19
193409,0.24,0.68,-1.93,-2.32,0.32,-0.58,1.9,1.61,2.55,0.8,-2.39,0.14
193410,0.61,-2.08,-1.11,-4.69,1.13,-2.26,-1.56,-7.61,1.68,-0.71,1.89,-3.2
193411,8.5,17.61,14.58,7.03,9.08,15.05,-1.73,-0.25,9.61,4.07,8.7,4.87
193412,-0.94,3.56,3.65,0.68,-0.18,4.12,-0.59,-8.66,-1.04,0.62,1.43,-0.61
193501,-1.4,-9.03,-3.17,-4.37,-0.85,1.26,-0.46,-3.16,-5.27,-0.86,-4.96,-7.19
193502,1.61,-3.27,-2.95,-3.35,0.92,-1.19,1.04,-12.16,-0.62,4.25,-1.66,-5.52
193503,-4.63,-5.82,-5.25,-3.82,-3.6,-4.98,-0.72,12.34,-4.33,-3.14,-1.85,-6.33
193504,5.73,5.73,9.85,15.48,8.26,9.15,9.13,11.14,6.47,3.18,6.3,9.47
193505,1.09,2.96,1.44,3.51,2.44,3.02,8.38,13.76,2.53,-4.02,5.71,3.36
193506,5.51,9.78,6.94,1.51,5.84,8.81,5.35,9.11,6.28,4.09,7.33,6.04
193507,3.14,19.08,13.75,0.13,5.1,11.56,5.74,9.22,7.51,3.19,7.99,7.04
193508,-1.56,9.01,2.35,-1.89,4.41,3.82,4.07,7.21,3.09,0.29,5.66,2.73
193509,1.69,11.09,3.21,-3.33,6.12,7.97,4.28,-2.03,-0.57,1.11,-1.81,1.39
193510,4.48,13.63,7.44,13.52,3.38,9.28,3.11,14.13,1.22,5.97,7.99,0.71
193511,1.1,3.49,5.85,2.78,1.63,7.5,9.72,0.82,2.92,1.74,12.7,13.41
193512,2.08,5.8,4.69,14.09,1.41,4.38,-0.16,5.62,-1.02,2.35,5.47,3.91
193601,3.24,3.89,5.83,14.06,4.77,7.34,4.17,12.53,-2.81,3.46,6.52,14.04
193602,0.61,3.74,7.15,1.26,2.35,0.13,6.57,-6.59,0.99,3.45,-0.82,3.93
193603,-2.08,10.19,2.47,1.75,2.67,-0.91,-3.37,0.64,1.14,3.52,-2.28,-3.14
193604,-4.45,-10.15,-9.98,-10.28,-6.77,-8.91,-5.66,-8.34,-5.24,-9.19,-7.55,-7.36
193605,4.96,4.06,6.45,-0.57,5.45,5.57,6.46,9.52,6.7,4.8,13.03,5.73
193606,2.32,6.86,0.02,1.73,4.03,0.61,2.43,3.62,5.29,1.29,3.66,1.14
193607,2.97,4.91,7.37,4.74,8.15,12.98,2.44,11.59,6.21,4.65,7.18,10.48
193608,0.84,-0.28,3.01,-0.67,-1.12,3.04,1.76,-1.03,2.49,-1.48,0.22,2.38
193609,-0.66,3.26,1.87,1.39,1.91,-0.91,0.33,-2.05,2.94,0.77,2.31,0.44
193610,3.37,5.08,8.22,12.48,6.26,6.37,5.09,5.72,11.22,3.78,5.48,8.96
193611,4.53,-1.37,5.91,1.48,4.53,5.51,3.87,-2.86,11,3.4,5.98,-1.27
193612,-1.42,-7.24,3.52,9.24,-1.51,3.25,-0.4,-1.63,-8.14,-2.04,-2.63,-0.68
193701,2.45,7.27,5.14,2.41,2.76,10.24,-0.85,2.61,0.07,3.47,0.47,1.22
193702,0.89,-0.5,4.29,1.49,-0.89,-1.56,-3.06,-4.19,3.06,-3.72,-0.37,6.44
193703,-1.01,-4.13,2.74,3.39,-2.01,-4.74,-2.09,-6.32,-2.73,-5.03,-3.63,4.62
193704,-6.38,-7.9,-11.26,-5.3,-4.07,-7.79,-5.25,-7.47,-7.24,-3.32,-6.85,-6.83
193705,-0.44,-1.97,1.09,-0.24,1.69,-0.56,1.53,-5.27,-4.54,1.68,-3.31,-3.35
193706,-3.24,-10.77,-3.64,-2.66,-3.16,-1.8,1.39,-5.26,-1.59,-4.12,-4.92,-10.07
193707,5.07,13.23,10.73,8.42,5.41,10.27,3.27,19.32,10.33,4.14,16.25,6.3
193708,-2.47,-2.27,-4.74,-6.57,-3.02,-5.81,-2.54,-10.18,-4.27,1.09,-15.06,-5.96
193709,-9.12,-12.67,-20.36,-13.21,-9.6,-15.44,-2.1,-11.75,-14.1,-10.76,-14.62,-16.35
193710,-7.06,-12.88,-14.65,-6.95,-11.37,-7.7,-5.36,-4.88,-7.04,-3.55,-8.34,-10.7
193711,-5.86,-15.24,-9.25,-11.48,-9.39,-3.92,-3.59,2.9,-14.36,-5.12,-7.4,-6.69
193712,-2.27,-16.27,-3.41,-1.25,0.41,-3.55,-1.54,-10.69,-6.55,-2.41,-6.99,-6.51
193801,2.96,11.05,-1.35,0.51,-0.99,-2.74,-2.43,-5.7,5.92,3.52,-0.21,0.72
193802,3.46,3.47,8.75,9.42,7.39,5.37,-2.32,3.64,9.5,8.61,6.67,4.31
193803,-15.79,-27.35,-27.34,-25.2,-22.22,-28.81,-17.44,-19.61,-22.19,-14.44,-25.2,-31.27
193804,12.27,14.85,17.53,15.92,8.23,16,13.47,14.78,16.18,11.82,16.55,13.83
193805,-0.23,-6.92,-8.52,-5.82,-3.25,-3.14,0.83,2.21,-3.86,1.71,-5.12,-3.53
193806,13.2,36.01,34.94,21.98,27.55,29,12.42,16.9,24.03,10.07,26.37,24.33
193807,6.61,19.89,6.93,7.38,6.29,6.1,1.28,0.68,9.06,5.8,8.92,10.36
193808,-4.02,5.97,-3.11,-8.82,0.22,-0.83,0.28,-5.53,-2.4,0.36,-4.07,-3.61
193809,0.51,0.69,1.27,0.82,2.49,1.45,0.85,1.23,0.06,-0.01,0.05,-1.67
193810,5.15,6.49,12.14,-1.56,7.17,11.12,3.56,21.09,8.04,5.63,9.42,11.65
193811,-2.49,-1.2,-1.83,-0.11,-0.63,-4.95,0.65,-7.01,-0.37,1.44,-1.43,-2.19
193812,2.76,2.12,5.68,4.86,5.2,3.01,2.57,3.95,1.03,0.85,0.86,8.08
193901,-1.92,-8.33,-10.99,-6.29,-5.81,-7.78,1.81,1.21,-3.14,-0.96,-6.1,-9.41
193902,2.46,7.06,3.83,-1.18,1.11,3.45,3.53,8.78,6.2,3.72,4.27,4.82
193903,-5.75,-17.63,-19.26,-8.31,-7.6,-16.96,-2.21,-13.63,-9.59,-4.33,-11.94,-15.9
193904,0.62,0.72,-1.9,-1.06,-1.34,-1.14,2.75,3.03,-0.13,1,-3.28,-1.35
193905,5.47,7.89,8.92,2.55,6.19,7.14,5.56,6.61,11.38,5.49,8.92,7.77
193906,-2.04,-6.78,-8.69,-6.12,-2.32,-8.79,-3.79,-3.55,-2.7,1.1,-5.33,-8.37
193907,6.22,17.58,14.38,3.03,10.08,15.38,6.51,12.71,8.71,3.08,11.07,11.72
193908,-7.36,-6.94,-9.12,-3.91,-2.68,-9.09,-4.19,-6.01,-7.33,-5.43,-9.36,-10.18
193909,4.79,23.72,32.37,25.56,15.69,15.99,2.37,3.6,1.59,7.07,12.3,29.93
193910,3.26,-1.4,-2.31,-3.93,-2.42,-1.81,3.05,2.11,5.77,0.21,-0.06,-2.01
193911,-0.47,-2.92,-7.7,-6.14,-2.38,-3.35,0.97,-1.49,-2.31,1.22,-0.42,-6.34
193912,3.17,3.88,3.48,-0.08,4.59,3.92,2.87,2.95,3.03,3.77,2.8,2.28
194001,1.69,-3.83,-6.24,-2.19,-1.96,-4.27,-0.12,-0.05,-0.95,-1.79,0.59,-3.62
194002,0.94,2.08,2.32,0.97,2.53,0.4,1.04,-1.24,2.51,1.48,0.41,1.02
194003,1.65,3.78,1.14,1.72,2.12,3.38,1.16,1.74,3.08,1.9,2.5,2.67
194004,1.75,-0.54,0.84,0.18,0.86,-2.38,0.33,-1.35,-0.13,-0.31,-0.9,-0.72
194005,-20.91,-26.04,-23.73,-24.47,-19.59,-21.19,-14.13,-19.94,-24.41,-21.21,-26.24,-23.38
194006,5.38,8.68,3.4,5.67,4.62,4.46,8.72,17.43,9.01,4.91,6.58,9.17
194007,-0.02,5.92,4.98,3.19,3.15,5.68,1.97,0.08,4.39,-0.52,4.81,3.02
194008,1.34,7.39,3.19,1.42,1.78,2.72,-0.36,-1.04,2.9,-2.29,2.44,3.01
194009,2.53,3.17,4.63,-2.26,3.34,4.42,1.66,-2.19,3.32,4.61,-0.43,3.25
194010,-1.41,3.94,7.93,6.3,-1.71,2.27,1.61,3.82,0.08,-3,6.42,5.03
194011,-0.99,-0.63,0.74,0.87,-4.64,-4.09,0.61,-13.06,-2.15,-1.82,0.22,-0.21
194012,0.55,-3.29,0.51,2.31,2.06,0.35,2.04,1.76,0.43,-0.23,-3.18,1.13
194101,-0.51,-9.22,-7.41,-2.14,-6.32,-2.24,-2.1,-2.16,-3.63,-2.19,-1.21,-1.69
194102,-2.49,1.27,-1.61,-0.69,-2.66,-0.26,-2.23,-1.2,-2.53,-4.69,-0.54,-0.26
194103,0.56,-1.7,0.16,3.74,2.03,-0.21,1.78,-3.33,1.21,1.77,0.07,2.24
194104,-4.13,-10.57,-6.97,1.4,-3.82,-8.85,-6.35,-9.61,-5.22,-5.22,-7.48,-3.71
194105,-1.4,0.41,3.74,5.46,3.09,-0.24,0.4,-4.43,2.27,-1.45,-2.2,-0.62
194106,6.28,3.9,6.15,5.22,7.44,10.57,5.04,3.94,5.1,6.72,4.07,4.6
194107,5.53,3.97,7.85,11.06,5.67,1.35,-0.38,5.33,4.74,8.03,7.61,7.51
194108,0.83,2.34,-0.79,-3.46,-0.36,0.85,1.06,-2.06,2.37,0.08,0.38,0.16
194109,1.78,4.14,-3.14,-0.66,-2.02,-1.51,0.25,-2.83,0.43,-0.21,0.51,-3.28
194110,-7.04,-7.98,-6.74,2.19,-5.98,-10.76,-2.72,-9.66,-5.2,-3.69,-6,-3.69
194111,-3.15,-3.64,-2.27,3.13,0.07,-2.33,-4.03,-6.67,-4.52,-2.93,-2.57,-1.3
194112,-3.95,-11.79,1.51,-11.1,0.14,-0.78,-8.59,-7.48,-9.83,-1.59,-7.5,-4.87
194201,2.54,6.25,1.29,-1.63,-7.7,2.01,-1.37,4.07,0.66,-2.99,5.72,10.41
194202,-5.5,5.15,-0.87,-5.83,-4.98,-2.54,-0.57,-2.45,-1.92,-5.35,0.21,-2.31
194203,-8.29,1.42,-4.65,-8.24,-7.55,-5.58,-6.91,-12.13,-7.09,-5.54,-6.24,-9.58
194204,-4.1,-4.37,-6.37,-3.57,-1.37,-3.39,-7.32,-3.42,-5.88,-4.45,-1.67,-2.09
194205,8.76,9.95,0.72,6.77,4.15,7.71,7.72,8.41,11.75,14.69,8.47,2.42
194206,3.55,1.77,3.04,4.42,4.78,3.75,-2.23,1.69,2.54,2.85,2.05,1.97
194207,2.42,2.1,3.5,6.05,1.43,1.91,4.48,-0.43,4.96,1.6,5.45,6.84
194208,0.8,2.33,1.22,3.54,0.97,1.82,2.49,0.79,1.71,2.43,1.87,2.54
194209,-0.07,2.59,2.86,2.36,4.35,4.58,2.04,5.83,0.67,0.26,2.21,3.64
194210,4.51,5.82,6.55,9.62,6.59,7.04,6.19,15.13,0.62,4.13,9.26,8.83
194211,2.71,-0.14,-3.69,0.91,0.44,1.49,2.63,-1.3,6.66,1.58,2.82,-3.13
194212,4.72,8.19,5.18,7.49,5.34,6.43,0.35,4.36,2.73,8.69,5.18,4.27
194301,9.14,5.24,8.31,6.4,4.71,10.9,3.78,14.69,6.92,2.47,6.62,7.16
194302,3.62,7.58,6.2,7.91,2.9,4.68,8.81,7.87,3.08,3.64,9.26,9.52
194303,4.36,5.06,8.3,7,2.43,7.42,0.62,4.68,8.68,4.56,9.64,10.19
194304,1.03,0.53,-1.78,0.97,-0.62,1.25,4.16,4.01,1.87,1.4,1.52,2.34
194305,6.56,6.58,4.66,5.69,6.48,6.54,4.57,4.49,7.49,5.13,8.59,4.9
194306,2.05,4.85,1.15,1.19,0.18,3.11,2.27,4.24,5.59,0.5,0.05,-1
194307,-1.87,-9.7,-7,-2.86,-6.06,-8.13,-0.18,-0.48,-3.15,-3.26,-4.2,-5.42
194308,0.94,3.48,0.5,1.1,0.63,1.06,0.91,1.87,3.74,0.26,1.09,1.49
194309,2.18,1.69,2.73,1.41,2.7,5.36,1.45,3.87,2.16,4.02,1.66,2.3
194310,-0.27,-1.12,-0.17,-2.06,-2.05,-3.68,0.73,0.56,-2.4,0.57,-0.95,-1.12
194311,-4.57,-5.32,-7.44,-6.93,-4.66,-6.62,-1.74,-8.37,-4.5,-3.93,-7.22,-8.17
194312,6.14,7.94,7.6,7.2,3.38,8.01,3.14,7.41,6.92,3.94,8.27,6.89
194401,3.97,1.02,2.57,0.61,0.62,0.84,0.86,-0.34,0.78,0.29,1.06,5.34
194402,-0.53,3.68,0.09,0.09,-1,-2.65,0.88,1.51,1.05,-2.64,0.27,2.49
194403,2.83,4.77,2.29,1.87,2.32,3.87,0.74,1.8,2.28,2.46,3.58,2.45
194404,-1.95,-1.18,-2.4,-1.37,-1.77,-1.29,-0.57,-0.92,-1,-2.36,-3.02,-2.33
194405,5.33,7.91,6.23,4.97,4.34,3.47,2.83,2.78,5.07,5.68,3.78,4.39
194406,5.64,9.31,7.89,0.53,5.42,8.09,3.21,4.86,5.83,3.85,8.33,5.41
194407,-0.35,-4.93,-1.86,-1.21,-2.17,-1.71,-0.37,0.23,-0.08,-1.24,-1.41,-0.62
194408,2.56,3.98,2.9,-1.94,0.7,2.17,0.67,3.62,3.12,0.76,1.94,0
194409,-0.23,0.61,0.64,-1.38,0.27,-0.66,0.27,-1.51,1.81,0.43,-0.08,0.14
194410,-0.03,-2.74,-0.57,1.87,0.4,0.52,0.75,1.35,0.44,1.09,-0.24,0.88
194411,1.27,2.22,1.71,2.63,-0.66,1.72,0.7,-0.39,2.79,0.52,0.71,5.14
194412,2.03,3.97,5.44,5.14,2.19,4.46,0.72,3.12,2.15,1.71,2.67,9.74
194501,2.64,1.37,2.81,4.92,2.34,1.04,-2.11,5.69,0.07,0.56,3.68,-0.02
194502,3.95,7.65,7.53,7.31,5.41,7.23,2.85,6.08,4.52,4.25,7.38,8
194503,-3,-6.03,-5.2,-5.25,-3.65,-4.17,-0.11,-3.08,-1.37,-1.83,-3.86,-3.46
194504,7.1,11.15,8.62,6.9,7.61,8.63,2.51,10.11,7.16,6.33,6.13,9.38
194505,2.33,0.78,0.83,-0.87,0.55,2.27,3.76,1.88,6.26,4.11,0.94,3.56
194506,0.89,-1.53,1.01,-0.5,-2.4,-2.1,2.62,5.14,-3.14,-4.65,3.64,4.66
194507,-1.44,-0.98,-3.34,-3.23,-2.44,-1.35,2.18,-0.37,-0.11,-1.62,-3.29,-5.91
194508,7.72,9.41,8.57,2.22,9.15,10.12,1.74,1.06,8.22,9.19,8.94,1.24
194509,6.28,2.74,6.31,1.98,6.15,2.61,1.9,6.56,5.64,6.51,1.79,7
194510,6.77,0.2,3.71,6.33,0.33,-0.69,2.36,6.07,5.96,6.61,7.31,5.44
194511,3.68,2.62,5.5,8.37,3.07,3.09,3.39,4.79,6.92,8.58,4.75,10.02
194512,1.29,2.54,1.29,-0.24,2.38,2.33,0.48,-1,3.46,1.53,4.62,-0.75
194601,4.85,6.67,9.47,-0.07,5.34,5.82,1.91,10.82,10.98,7.76,7.72,7.31
194602,-4.82,-8.94,-6.95,-4.67,-4.81,-6.79,-2.82,-5.71,-4.23,-4.31,-7.56,-5.84
194603,6.35,0.98,5.18,11.04,7.11,0.82,1.16,6.25,11.4,14.57,5.63,4.48
194604,3.54,1.42,3.65,8.77,5.81,0.99,1.59,4.31,7.2,14.67,0.89,1.85
194605,3.35,5.14,5.4,3.68,3.74,6.14,2.82,3.06,1.9,5.64,3.99,3.27
194606,-3.6,-5.92,-4.11,-3.15,-3.02,-4.74,0.3,-2.78,-7.69,-5.52,-2.67,-3.37
194607,-0.75,-4.75,-3.75,-0.06,-2.23,-3.35,-0.08,-3.61,-2.99,-3.22,-4.5,-5.06
194608,-5.27,-10.34,-6.67,-5.61,-6.15,-7.94,-7,-5.35,-4.83,-3.24,-6.65,-6.83
194609,-10.68,-14.88,-11.02,-8.05,-8.78,-10.23,-4.74,-8.91,-6.88,-7.03,-13.47,-14.56
194610,0.39,-3.31,-1.1,-0.66,-3.41,-3.03,-5.13,1.45,-2.25,-0.24,-1.48,-0.24
194611,-1.31,-1.13,1.23,0.56,3.23,-3.64,1.79,0.8,-4.94,1.67,0.07,0
194612,3.75,6.16,6.15,4.39,7.26,5.03,3.77,6.07,4.06,7.23,8.15,1.63
194701,0.23,10.9,1.68,-0.65,-0.7,6.37,1.03,-0.16,0.68,-5.32,2.27,0.07
194702,-0.31,1.54,-0.68,-2.7,-0.21,-3.22,-2.05,-0.88,-0.39,-4.19,-2.82,-0.94
194703,-2.2,-2.7,-1.91,2.29,-0.57,-3.21,-2.15,-2.79,-2.2,-1.26,-2.46,-3.52
194704,-6.68,-4.08,-6.61,-0.44,-3.69,-5.74,-0.22,-3.72,-7.97,-8.6,-6.45,-6.23
194705,-0.5,-2.16,-2.98,2.52,-0.44,0.25,-1.1,-2.48,-0.37,-2.68,-0.91,-2.33
194706,6.53,5.87,4.57,7.76,7.32,4.69,-3.17,3.98,9.88,4.19,7.21,2.28
194707,4.65,5.2,4.89,3.87,2.22,6.4,0.81,2.53,4.61,2.6,2.41,6.82
194708,-1.38,-0.76,-1.64,-2.3,-0.48,-3.58,0.36,0.26,-3.54,-3.83,-1.3,-3.61
194709,0.4,0.17,1.48,-2.71,-0.58,0.87,0.84,-1.32,-2.8,-2.62,0.74,-1.35
194710,1.36,2.93,3.86,5.24,1.6,2.33,0.21,0.13,3.03,1.22,3.04,0.51
194711,-1.69,-2.68,-1.11,-0.34,-0.98,-1.24,-2.57,-7.58,-2.41,-3.04,-1.61,-2.03
194712,0.69,2.24,2.88,9.29,1.85,3.03,0.44,1.19,0.36,3.1,1.12,4.35
194801,-2.69,-5.35,-4.24,-7.43,-4.27,-4.78,0.1,-0.22,-3.29,-8.23,-1.23,-0.78
194802,-6.12,-5.42,-5.19,-2.96,-5.45,-3.97,-1.06,-3.46,-3.8,-3.53,-5.27,-3.84
194803,5.46,7.25,10.86,9.93,7.5,10.78,1.95,6.61,6.67,6.33,8.23,10.33
194804,1.31,1.17,2.19,11.22,2.78,-0.5,2.65,1.5,5.08,2.14,4.3,3.01
194805,5.09,14.43,7.91,6.08,7.37,14.52,2.49,5.73,8.57,6.78,9.89,6.04
194806,-2,0.3,-1.71,3.49,0.28,-1.1,0.44,2.57,-1.3,-2.19,-0.14,-0.89
194807,-1.67,-4.37,-4.83,-7.18,-5.25,-6.99,-1.65,-4.34,-7.72,-4.25,-5.74,-4.8
194808,0.02,1.12,1.07,-2.01,-0.39,2.58,0.06,0.1,2.49,-1.9,-0.87,2.11
194809,-3.95,-3.88,-2.99,-4.46,-2.03,-3.19,-0.23,-0.89,-0.93,-3.08,-0.91,-4.03
194810,3.64,7.95,6.57,9.2,6.7,7.33,1.11,4.42,4.14,5.19,6.1,4.68
194811,-6.17,-11.87,-10.73,-12.18,-8.15,-10.78,-2.06,-9.05,-5.72,-5.74,-8.63,-11.06
194812,0.68,3.44,2.71,4.72,6.83,6.18,1.09,2.65,1.53,4.54,6.06,2.03
194901,3.67,2.44,0.55,-3.83,-0.19,-1.51,-1.26,4.76,1.17,4.57,-0.83,0.63
194902,-1.93,-3.69,-3.52,-4.3,-2.85,-5.2,-0.3,0.68,-2.27,-0.93,-0.75,-3.83
194903,3.2,3.42,3.81,6.06,3.5,5.49,1.36,3.77,4.39,5.5,7.45,4.22
194904,-1.64,-4.22,-4.46,1.28,-2.15,-3.19,-1.64,1.23,-1.64,0.24,-0.21,-1.88
194905,-0.42,-2.83,-5.05,-5.63,-0.87,-4.38,-2.18,-0.58,0.19,-1.88,-2,-2.88
194906,1.02,1.29,0.17,-1.18,0.6,-0.47,1.12,-0.92,2.86,2.16,-0.66,-1.58
194907,4.94,9.43,6.35,6.24,5.01,7.64,2.41,4.73,5.16,6,6.32,3.57
194908,3.97,2.31,1.5,5.49,3.27,0.56,0.98,3.66,1.5,0.19,2.62,1.1
194909,2.83,2.65,3.47,3.03,4.6,3.78,1.23,4.06,2.32,1.86,6.27,2.52
194910,1.53,7.34,3.96,3.71,4.73,4.14,1.88,1.32,0.66,3.38,4.22,1.85
194911,1.84,4.75,2.52,-2.77,4.82,3.12,1.67,3.24,2.1,4.81,3.02,0.65
194912,5.13,8.27,6.72,1.09,5.89,10.25,1.59,3.26,4.76,8.7,6.14,7.53
195001,1.37,1.87,2.61,-0.64,0.84,5.32,1.86,3.73,0.43,1.06,1.72,3.69
195002,0.53,3.49,2.43,-0.53,1.24,3.51,0.66,2.39,2.32,1.92,3.44,0.22
195003,-0.56,1.86,-0.79,4.85,3,3.56,4.57,0.55,-0.17,-2.9,-0.02,-0.93
195004,0.14,10.57,6.02,3.23,9.35,4.95,2.37,0.95,-0.36,5.52,-0.5,2.2
195005,2.07,6.44,4.66,8.8,7.36,0.59,1.97,1.83,3.16,3.96,4.74,0.24
195006,-5.69,-4.04,-6.42,-4.52,-6.77,-8.13,-4.28,-7.63,-4.42,-4.19,-7.62,-6.5
195007,0.44,-2.71,5.76,8.81,-3.52,-2.96,-1.33,-5.23,-0.96,-6.94,-6.02,12.15
195008,3.94,9.23,5.26,4.32,8.12,5,2.56,3.38,4.38,3.68,4.36,1.74
195009,4.88,8.79,5,3.53,3.86,4.77,-0.46,4.49,8.46,6.15,8.56,5.91
195010,-0.37,0.61,1.02,0.29,-0.71,-1.19,0.21,-0.73,0.84,-1.76,-1.09,-1.63
195011,0.02,-2.61,5.52,5.28,7.08,1.08,-0.24,-1.17,1.11,4.68,2.75,4.29
195012,2.83,1.5,6.94,8.68,5.84,4.46,1.89,3.59,2.76,6.06,4.48,13.03
195101,4.62,9.22,6.75,6.3,4.57,9.44,1.88,5.02,3.62,3.1,2.18,7.56
195102,0.96,2.8,0.41,0.96,2.5,1.04,4.11,3.11,3.12,1.46,2.21,-1.12
195103,-2.77,1.18,-3.72,-2.38,-1.92,-0.66,-1.1,-1.41,-2.1,1.7,0.55,-3.77
195104,0.95,3.42,6.17,10.81,7.7,3.13,0.85,0.21,0.39,10.41,3.89,3.71
195105,-1.27,-5.32,-3.25,-3.01,-0.53,-2.63,-0.41,-0.05,-1.32,1.57,-1.57,-3.75
195106,-3.58,-6.83,-5.33,1.09,-1.44,-1.51,-0.18,-0.39,-2.71,0.83,-0.14,-6.58
195107,3.13,3.1,8.54,11.37,8.2,5.94,2.8,5.31,2.91,14.42,5.9,7.87
195108,3.51,7,6.61,5.74,2.27,6.25,2.64,2.13,2.69,-1.38,4.14,3.24
195109,-0.41,2.66,1.56,-0.76,-1.21,2.58,-0.04,1.32,3.2,-1.84,1.21,4.32
195110,-3.12,-2.04,-2.38,1.17,-7.22,-5.23,-1.08,0.71,-3.09,-5.94,-2,-4.12
195111,-0.06,2.01,1.1,-0.79,-0.1,1.16,0.49,1.65,1.45,-0.5,3.19,1.76
195112,1.91,2.48,2.42,4.72,7.93,5.39,0.87,3.26,-0.24,5.11,6.23,0.83
195201,0.52,-1.17,1.46,6.6,-3.08,-1.96,0.17,3.08,-0.49,0.73,2.73,3.52
195202,-2.01,0.46,-4.12,-3.39,-3.17,-3.82,-0.63,0.7,-3.66,-4.22,-0.2,-2.02
195203,1.71,8.33,2.62,8.72,3.27,5.82,1.26,2.23,2.52,0.37,3.9,6.49
195204,-3.32,-3,-6.13,-7.65,-7.14,-3.53,-0.74,-1.8,-1.77,-5.46,-1.57,-3.99
195205,2.14,4.01,2.95,3.51,6.16,3.27,1.03,2.99,2.64,2.53,2.67,3.03
195206,2.87,5.24,4.52,5.45,3.78,6.31,2.06,1.09,2.93,-0.97,2.65,4.48
195207,0.65,2.53,2.8,-1.02,1.43,1.34,0.24,2.17,1.94,-4.39,2.51,0.68
195208,0.96,2.04,-1.69,-2.66,-1.55,-0.26,0.88,1.9,-0.3,-0.55,-1.18,0.22
195209,-2.81,-0.78,-2.28,-4.3,-1.69,1.07,-0.34,0.35,-0.76,-4.1,0.26,-1.91
195210,-1.23,1.2,-1.53,0.38,-1.85,-0.49,0.92,0.49,-1.1,-1.47,-3.3,-0.98
195211,5.91,6.52,7.92,2.07,9.76,9.26,4.07,5.19,4.54,7.25,7.79,7.09
195212,1.47,7.01,3.34,4.55,1.59,2.94,0.88,1.79,1.29,-1.96,4.1,3.62
195301,2.01,-0.36,0.93,-2.99,0.21,-2.41,1.02,0.94,0.83,-5.12,0.02,1.44
195302,1.69,-1.17,0.14,0.33,-2.53,0.28,-0.43,0.41,-0.15,2.09,-0.23,-0.23
195303,-1.64,-4.38,-2.62,-0.56,0.08,-0.97,-0.43,0.14,-0.48,-0.16,0.77,-2.17
195304,-0.24,-1.97,-2.13,-5.18,-3.3,-1.11,-1.04,-3.2,-0.8,-5.35,-4.56,-2.74
195305,0.22,-0.02,0.27,1.84,0.02,1.49,0.36,0.03,1.51,-0.03,0.61,1.72
195306,-0.86,-3.33,-2.76,-0.08,-1.51,-2.26,0.5,-3.06,-2.2,-3.29,-2.96,-1.75
195307,2.64,0.72,2.34,3.93,2.98,2.25,0.94,3.37,1.97,3.66,1.33,1.47
195308,-3.42,-6.36,-5.97,-6.37,-2.82,-5.04,-0.84,-0.37,-2.34,0.05,-2.99,-8.07
195309,0.16,-0.82,0.99,-1.92,1.55,3.19,1.78,1.61,0.1,0.43,0.58,-1.52
195310,0.72,7.74,7.04,5.64,4.68,6.99,1.38,4.49,0.86,2.66,4.51,3.39
195311,0.56,0.49,3.69,1.99,4.68,5.42,2.26,3,3.34,7.98,4.15,2.28
195312,-0.5,-1.21,0.57,0.44,0.78,0.39,0.54,0.59,1.25,-1.34,0.24,-3.25
195401,4.17,5.28,6.91,8.64,1.22,6.89,1.89,3.28,3.32,5.65,4.19,7.61
195402,-0.23,1.71,1.76,2.8,-0.03,5.52,2.57,1.57,0.44,-0.18,1.57,1.53
195403,1.41,3.51,5.08,4.28,4.62,9,1.72,2.98,0.38,0.28,4.9,0.63
195404,0.9,4.09,5.21,6.15,6.51,9.56,1.98,1.23,1.54,1.2,5.38,1.9
195405,2.48,4.48,4.83,2.97,3.86,-1.06,1.24,2.69,2.84,1.61,1.46,5.59
195406,0.76,1.19,3.27,-5.87,3.95,10.44,0.54,1.34,2.5,-2.43,2.65,1.03
195407,6.37,9.85,6.9,4.23,2.16,0.17,4.36,5.43,4.21,8.21,7.52,6.55
195408,-2.71,-3.36,-4.19,0.52,-2.95,-4.52,-1.43,-1.73,-0.21,-2.57,-0.36,-3.03
195409,3.83,14.47,6.17,10.01,7.08,7.75,2.49,2.01,4.84,2.82,3.23,4.79
195410,-2.25,-0.77,0.65,-1.98,-4.18,-1.37,-0.85,-3.81,-2.53,-1.62,-1.44,1.38
195411,6.23,4.45,13.74,8.04,14.16,12.46,3.43,5.69,8.4,12.55,10.66,11.36
195412,4.33,7.27,8.15,6.47,3.69,2.76,1.58,3.58,2.26,6.13,6.12,10.65
195501,0.27,0.54,1.47,0.41,-2.77,4.55,0.8,1.45,1.73,-2.88,0.14,1.16
195502,1.57,-1.03,3.96,2.42,4.5,5.25,3.99,3.65,1.31,2.85,1.99,4.42
195503,-0.85,0.05,1.25,-0.23,-1.18,-1.83,-0.19,-0.72,-1.4,6.1,1.14,0.86
195504,3.98,5.67,2.78,0.58,7.59,4.82,1.97,2.55,1.83,0.01,-1.45,5.22
195505,-0.24,-1.13,1.86,-0.62,4.94,-0.05,1.29,-0.13,3.02,3.14,2.37,1.39
195506,2.6,10.1,7.88,11.2,11.73,5.04,0.69,1.67,4.42,0.17,3.88,1.85
195507,1.95,18.82,-1.19,2.76,-1.77,-3.1,2.61,3.69,2.03,0.14,-0.8,-2.13
195508,-0.69,-4.27,3.54,-1.1,2.34,-0.2,-2.44,0.08,1.64,0.15,0.81,0.35
195509,-1.68,8.75,0.62,-0.38,-2.61,-4.85,1.06,-2.63,3.41,-3.2,-3.94,-2.02
195510,-0.81,-4.87,-3.57,-0.99,-2.36,-5.88,-1.15,-1.02,-2.51,0.81,-1.11,-3.41
195511,3.6,9.06,8.36,8.58,7.27,11.59,1.63,3.39,6,6.26,3.77,9.48
195512,1.2,-4.09,3.37,3.7,2.27,6.03,0.86,-0.12,-0.75,6.22,2.15,-1.64
195601,-1.62,-6.59,-4.76,0.54,-4.58,-5.45,1.86,-0.33,-4.41,-6.5,-3.57,-2.49
195602,1.18,5.73,5.34,4.27,4.16,5.91,0.16,1.92,2.81,8.25,3.58,3.04
195603,1.74,4.1,9.19,11.44,5.61,10.89,1.43,3.78,0.43,7.24,5.66,5.69
195604,0.81,-5.12,2.38,3.62,-0.72,-1.29,-0.88,-2.18,-1.82,2.74,-0.01,0.67
195605,-3.23,-4.45,-6.42,-6.37,-5.94,-5.33,-1.06,-0.74,-4.55,-1.24,-5.35,-5.52
195606,0.66,6.61,5.39,2.74,3.87,6.85,1.28,2.34,2.2,3.58,1.53,1.61
195607,1.98,4.58,7.99,6,2.8,5.22,2.69,5.24,4.8,3.1,2.52,2.37
195608,-1.37,0.61,-3.1,-5.27,-3.38,-3.7,-1.36,-2.48,-2.69,-3.07,-2.76,-3.9
195609,-3.23,-0.91,-5.95,-5.81,-6.65,-6.83,-2.87,-3.87,-4.57,-3.69,-4.61,-4.33
195610,0.4,-1.35,1.24,0.54,0.6,3.28,-1.39,1.14,1.48,0.58,0.53,1.31
195611,-0.42,-3.53,0.33,5.31,-3.32,0.4,1.52,0.42,-2.17,-1.31,1.62,-0.3
195612,1.26,0.86,4.42,4.14,5.42,4.91,2.55,1.82,-0.6,6.05,1.41,2.25
195701,1.77,-4.86,-5.47,-4.12,-5.68,-6.61,2.9,2.64,-1.29,-2.26,1.49,-1.29
195702,-1.41,-1.65,-3.26,-2.27,-1.97,0.03,0.32,-0.29,-0.91,-0.35,-0.5,-3.35
195703,1.6,0.44,1.6,3.17,2.82,5.15,1.52,1.69,2.1,8.21,3.62,1.8
195704,1.39,7.35,3.13,6.94,5.16,8.09,0.45,3.19,0.25,5.43,5.49,2.23
195705,1.39,0.64,3.84,7.61,3.25,5.51,1.03,2.25,2.7,4.78,2.82,0.77
195706,-0.65,-0.23,0.7,-1.74,-0.06,4.86,-2.09,-5.11,-2.1,6.45,-4.26,0.22
195707,0.93,3.29,-0.19,0.99,1.89,1.28,-0.24,0.02,2.88,2.98,-0.59,1.81
195708,-1.99,-2.74,-6.33,-5.74,-6.31,-6.93,-0.12,-2.58,-2.71,-2.26,-3.11,-6.32
195709,-1.15,-7.15,-7.3,-7.97,-6.19,-6.17,-2.22,-1.72,0.42,-3.71,-3.92,-7.76
195710,-2.13,-4.33,-4.93,-5.8,-3.36,-2.66,-2.1,-0.69,-3.93,-0.45,-5.52,-7.47
195711,3.36,-5.71,2.51,2.43,4.94,7.06,1.49,4.38,1.73,7.77,4.45,-1.47
195712,0.44,-8.27,-5.37,-7,-2.61,-3.86,1.26,2.56,-1.72,-0.38,-0.63,-6.13
195801,7.45,5.51,6.65,1.58,3.15,3.98,4.26,6.24,7.49,-0.05,8.65,12.21
195802,2.04,-1.39,-1.23,-4.58,-3.19,-1.88,0.66,1.28,1.41,4.92,1.31,-3.28
195803,4.2,2.65,2.38,7.91,0.04,2.56,1.17,1.97,4.09,7.53,3.3,2.11
195804,3.55,4.28,1.69,5.15,0.98,-0.49,2.7,5.09,2.99,7.52,2.09,5.82
195805,2.72,4.68,4.19,0.37,1.39,2.02,2.11,1.41,3.62,1.07,2.16,4.53
195806,2.65,2.64,2.19,4.95,3.1,3.19,1.66,2.19,2.14,3.23,2.94,2.86
195807,1.63,9.38,8.54,0.69,8.04,3.49,0.9,1.13,1.87,5.97,2.01,6.95
195808,2.93,-0.29,2.56,1.92,2.12,2.02,2.4,-1.01,5.71,1.98,4.64,2.31
195809,4.26,10.29,5.4,3.28,3.02,6.1,5.05,3.48,4.01,11.72,-0.41,7.18
195810,2.51,1.84,3.78,1.33,1.51,4.71,1.45,4.28,1.22,1.05,3.68,3.62
195811,4.09,2.03,2.96,1.92,3.42,3.8,2.13,2.95,5.9,8.03,2.34,5.8
195812,2.66,3.08,5.14,1.25,5.37,14.31,13.3,5.94,5.71,4.61,4.29,2.49
195901,3.81,-0.18,1.15,0.51,-0.13,-2.42,3.91,1.24,3.49,-0.62,-2.69,4.09
195902,3,-1.4,3.14,-7.39,5.11,4.79,4.84,1.25,2.66,3.86,2.39,1.39
195903,0.3,-0.75,-1.14,2.14,1.81,2.56,-0.42,1.63,-1.66,4.26,-2.97,0.27
195904,3.01,9.77,3.74,1.72,6.38,7.3,4.63,-1.13,1.53,11.92,1.55,2.29
195905,1.34,6.24,2.75,-0.95,5.58,6.22,-1.04,-1.1,2.71,-1.07,0.74,0.61
195906,1.67,0.48,2.87,-2.72,-1.54,-1.67,-1.06,-2.23,2.26,6.59,2.62,0.91
195907,3.7,8.09,2.81,4.96,6.14,-0.64,0.6,3.85,2,4.74,1.23,-0.26
195908,-0.39,3.23,-1.51,-3.13,-2.83,-2.41,0.61,1.34,0.78,-3.52,-1.33,-2.55
195909,-3.22,-4.29,-4.82,-6.9,-5.18,-4.16,-0.96,-4.34,-2.08,-4.96,-4.79,-3.83
195910,3.79,-1.1,1.89,1.17,1.67,4.14,1.3,0.88,0.82,2.38,0.63,-0.01
195911,1.24,0.12,2.81,-0.41,2.41,8.63,-1.23,0.4,2.43,5.62,1.43,-1.26
195912,1.23,5.9,1.6,4.23,3.19,3.81,4.31,2.13,2.63,-1.63,0.48,2.75
196001,-3.35,-11.36,-8,-7.49,-9.58,-9.66,0.95,-2.07,-5.7,-6.35,-4.4,-4.44
196002,2.93,-2.07,1.24,-3.43,0.52,4.43,8.36,2.77,4.06,0.27,-0.67,0.29
196003,-1.41,-5.26,-3.56,-0.8,-2.15,1.03,0.14,1.77,0.16,1.61,0.4,-3.45
196004,1.54,-2.09,-2.55,-4.26,-4.78,0.56,-1.05,1.37,-0.21,1.68,-0.51,-1.4
196005,6.52,-0.51,4.42,-3.46,4.18,9.14,3.32,1.52,3.29,13.77,-0.23,0.57
196006,4.32,0.69,1.92,3.52,1.49,1.06,-0.34,5.79,3.78,-0.16,4.04,2.35
196007,-0.95,-0.5,-3.19,0.7,-5.93,-4.49,0.1,-1.23,-3,-3.86,0.2,-2.39
196008,4.52,3.2,1.86,4.1,1.75,0.68,7.11,4.46,3.14,2.46,3.66,2.69
196009,-3.41,-5.3,-7.41,-1,-6.89,-8.42,-5.91,-4.55,-8.39,-8.71,-5.69,-5.86
196010,1.65,-0.98,-1.94,2.43,-0.31,-2.33,0.14,-0.31,0.22,-3.49,-0.2,-1.2
196011,8.68,-0.7,5.04,3.4,5.11,6.78,4.19,3.78,6.93,4.04,7.88,6.17
196012,4.47,-0.22,3.97,5.3,2.84,3.82,12.45,6.42,2.26,6.22,5.78,3.35
196101,5.44,8.57,6.29,9.76,6.38,3.11,7.89,4.86,2.9,6.05,7.32,8.1
196102,6.65,4.43,5.71,0.73,2.73,3.14,0.75,3.67,4.95,5.19,7.2,4.87
196103,4.82,3.91,1.47,1.42,1.9,3.01,7.43,1.74,5.85,3.8,4.53,2.86
196104,-1.36,-1.04,-1.32,4.76,-0.69,0.14,0.8,1.86,0.58,-0.3,1.53,-0.09
196105,3.67,1.65,3.91,0.15,4.74,3.81,-1.04,2.5,4.09,2.28,4.19,4.23
196106,-1.42,-1.88,-4.33,-4.02,-0.23,-3.16,-3.99,-1.82,0.53,-3.38,-2.76,-4.55
196107,2.84,6.99,1.83,2.27,3.01,2.44,6.43,2.89,2.45,3.45,3.61,-0.08
196108,5.13,2.03,1.73,0.2,3.89,4.88,0.26,3.8,3.26,3.84,8.86,3.19
196109,0.03,5.54,-4.61,-6.43,-4.02,0.82,-2.77,1.4,0.4,-1.31,-0.13,-2.83
196110,3.37,0.35,0.3,6.62,-0.2,2.9,0.19,5.31,9.02,3.52,2.18,2.32
196111,5.49,9.84,2.92,5.54,2.84,3.13,8.49,3.41,5.11,3.27,7.33,1.71
196112,-3.16,2.12,0.59,3.79,-0.55,-0.94,3.33,-4.22,-0.31,-2.02,-4.34,-0.18
196201,-6.17,-0.96,-3.01,0.09,-5.32,-4.59,-6.08,-2.58,-8.63,-4.62,-4.75,0.83
196202,0.23,-1.52,0.82,5.35,2.81,-0.4,4.09,2.62,1.63,3.76,3.84,0.38
196203,-1.1,-1.17,0.15,-1.66,-1.41,0.06,-2.94,1.98,0.91,0.54,-1.93,-1.79
196204,-6.74,-4.35,-8.35,-3.62,-6.13,-12.39,-4.71,-2.79,-4.42,-11.01,-7.46,-6.89
196205,-11.25,-5.1,-8.62,-4.98,-8.36,-10.74,-7.11,-10.47,-9.08,-10.9,-9.78,-6.72
196206,-8.8,-6.57,-9.75,-4.86,-9.22,-11.8,-8.52,-5.08,-10.26,-12.59,-10.83,-8.15
196207,5.22,8.67,4.79,4.9,7.54,11.43,7.23,7.45,4.38,7.78,8.4,4.01
196208,0.89,3.78,1.91,1.84,3.92,3.04,1.58,3.17,4.3,-7.92,3.94,3.85
196209,-5.63,-2.87,-7.14,-1.78,-3.12,-9.39,-6.05,-2.83,-6.61,-4.05,-5.67,-5.8
196210,-3.28,2.32,-0.2,-0.29,4.36,-0.01,2.77,-1.08,-1.34,2.47,-0.67,1.54
196211,12.09,7.15,13.84,10.71,11.99,14.81,7.16,7.59,11.18,17.59,14.14,15.37
196212,1.43,2.9,-1.73,4.69,0.98,-0.7,1.08,3.44,0.04,0.89,1.68,1.19
196301,5.94,6.38,6.17,2.69,4.52,6.12,4.13,5.26,4.11,5.65,3.63,6.29
196302,-3.04,-3.02,-1.76,-1.31,-3.75,-5.81,-1.09,-1.48,-0.67,-2.58,-0.3,-0.39
196303,2.57,7.44,2.29,6.97,3.71,2.94,1.94,1.79,2.01,1.18,2.31,3.23
196304,2.38,5.67,4.47,6.05,4.53,7.35,3.73,2.4,5.47,7.62,3.68,7.27
196305,1.9,7.86,2.89,-0.11,0.97,4.22,-0.64,1.03,2.62,-0.25,0.43,5.62
196306,-1.38,-2.79,-2.64,1.21,-2.83,-4.97,-1.94,-1.13,-1.37,-1.09,-1,-1.49
196307,-0.49,-0.22,-1.53,2.29,-1.14,-0.67,-0.25,0.8,-1.05,0.56,-0.65,-2.34
196308,4.89,6.55,6.79,3.94,4.98,5.12,4.29,4.2,6.44,9.56,4.37,6.39
196309,-1.69,-0.24,-0.81,-3.64,-0.84,0.36,2.37,-2.5,0.93,-4.06,-3.31,-3.09
196310,2.65,9.72,2.47,-0.32,2.78,8.35,3.43,-0.67,0.52,3.38,0.69,1.88
196311,-1.13,-4.84,-0.4,-1.16,1.82,-0.31,4.14,-1.02,-1.24,-1.65,-2.33,2.03
196312,2.81,0.27,0.94,4.65,4.03,2.99,-0.08,2.42,0.33,1.54,1.63,3.62
196401,0.79,1.19,2.46,4.84,3.11,2.98,3.33,1.4,2.51,3.68,-1.16,2.84
196402,1.87,2.14,3.13,1.06,1.98,1.91,-0.28,0.87,1.63,1.66,3.84,6.56
196403,3.08,0.93,4.22,1.4,2.61,3.41,-0.9,-0.75,2.44,-1.94,0.69,3.11
196404,-0.48,1.93,-1.83,4.03,-1.48,-3.78,0.83,1.06,2.86,-1.42,-0.99,1.02
196405,1.56,1.12,1.51,2.14,2.09,2.83,-0.39,0.84,3.9,0.53,-0.03,3.89
196406,1.61,0.67,1.41,0.65,-0.15,0.5,4.7,2.2,3.84,0.59,-1.17,2.85
196407,1.76,5.28,0.95,3.34,2.15,-1.93,-2,4.91,1.21,4.76,1.89,1.03
196408,-0.26,1.33,-0.88,-1.86,-2.08,-2.83,-1.55,-0.01,0.34,-4.22,-2.18,-3.69
196409,1.69,5.04,4.91,3.08,4.53,1.11,-1.01,1.87,3.49,2.73,2.48,4.95
196410,-0.18,0.25,0.17,3.07,0.95,-1.02,-0.9,0.95,2.32,2.88,-0.69,3.26
196411,0.7,-1.38,-1.55,2.55,1.47,-0.29,-2.2,1.37,3.26,2.17,-0.89,-2.3
196412,0.23,1.67,-1.34,-0.24,0.64,0,3.09,0.5,0.13,4.38,-1.23,-2.1
196501,6.08,3.76,5.49,0.52,5.12,7.59,0.28,3.96,3.06,7.66,2.71,5.85
196502,1.61,-0.69,3.35,-3.36,0.92,2.23,0.8,0.43,1.39,2.42,1.27,3.31
196503,-0.79,1.39,-0.23,-3.03,-2.96,-0.61,-1.69,-0.52,-0.8,-0.93,-0.28,-0.24
196504,4.2,7.04,5.05,0.86,1.99,5.22,2.33,0.65,6.82,2.98,2.61,1.94
196505,-0.79,-3.53,-0.78,0.87,0.07,0.41,2.75,-0.97,0.23,-1.24,-2.36,-1.32
196506,-5.13,-6.83,-6.46,-1.98,-5.81,-5.71,-4.18,-3.66,-6.21,-5.31,-4.94,-8.09
196507,1.6,2.3,2.89,1.81,0.26,3.72,-0.38,1.06,-1.39,3.95,1.13,4.8
196508,4.08,3.21,4.37,1.56,1.58,5.97,1.33,0.92,2.3,6.29,4.59,5.38
196509,0.46,6.97,4.06,4.37,3.32,5.29,1.09,1.39,-0.65,2.24,-0.15,2.93
196510,2.63,6.34,5.1,1.84,2.78,5.11,-2.29,1.05,0.29,3.23,1.08,6.04
196511,1.11,-4.03,2.57,0.71,-1.5,2.81,-4.32,-1,1.37,3.8,1.04,5.36
196512,1.27,1.23,3.65,0.17,2.25,-1.68,-0.86,-0.31,1.33,3.83,1.99,4.23
196601,1.9,0.49,4.13,1.04,-0.12,1.29,-1.3,-3.02,-4.34,2.74,0.51,7.55
196602,-0.48,-1.5,-0.32,-3.47,-1.96,5.21,0.48,-4.17,-1.84,-1.55,-2.09,4.01
196603,-2.65,-3.06,-1.26,-2.23,-3.47,-0.78,-4.84,-0.14,-2.07,-1.6,-4.09,-2.31
196604,0.42,0.11,3.94,3.13,0.07,7.62,1.26,1.19,3.1,-0.02,1.3,3.78
196605,-4.92,-8.11,-6.38,-3.74,-3.84,-6,-2.98,-2.73,-2.93,-5.25,-3.89,-9.5
196606,-1.79,-2.11,-0.18,-2.27,-3.2,-0.03,0.49,-1.78,-2.36,0.99,-2.13,1.98
196607,-1.18,-2.43,-1.94,0.4,-0.54,-1.79,-1.17,-0.18,-1.96,-1.72,-2.07,-2.05
196608,-7.17,-7.47,-8.01,-6.36,-7.37,-5.92,-4.6,-8.59,-6.39,-8.07,-8.82,-13
196609,-1.48,-1.03,-2.86,3.94,-5.57,-1.94,-0.57,4.36,-2.01,-1.13,-0.05,-2.62
196610,4.5,0.56,2.59,8.46,2.25,0.28,9.19,9.94,-1.36,4.87,10.42,-0.13
196611,2.33,-3.52,3.71,-1.14,0.02,11.11,-2.84,-1.36,0.73,6.89,3.04,10.36
196612,0.22,-2.61,1.57,-0.66,0.91,0.32,2.98,2.1,-4.16,-0.17,3.48,1.5
196701,9.42,12.2,11.49,3.59,10.37,10.13,6.23,2.84,11.83,6.41,9.05,13.34
196702,2,-1.02,1.54,-0.07,0.2,6.27,2.15,-1.72,3.25,1.42,0.19,-0.45
196703,4.45,4.28,6.03,3.61,5.26,5.32,2.94,1.53,2.35,7.83,1.26,5.48
196704,4.59,10.83,3.31,1.67,5.27,7.65,0.19,1.88,9.21,4.46,0.44,3.01
196705,-2.63,-7.28,-3.45,-2.42,-4.62,-4.41,-5.67,-4.11,-4.67,-5.29,-2.42,-1.68
196706,2.65,1.51,2.66,2.28,0.6,6.29,2.72,-1.31,3.85,5.38,3.76,3.73
196707,6.03,10.72,4.94,6.92,5.28,3.98,-6.62,2.33,5.98,3.79,6.98,8.27
196708,-0.84,0.08,-0.51,-1.46,-0.07,-0.99,-1.25,-0.65,0.44,0.66,2.11,-1.32
196709,3.13,4.98,2.71,4.2,4.46,8.38,1.2,-0.09,2.28,2.89,3.18,0.55
196710,-2.66,-4.87,-4.58,-0.99,-4.62,5.08,-3.49,-5.36,0.71,-5.01,-4.03,-5.74
196711,0.56,-0.7,1.42,0.78,-1.64,1.37,0.09,3.17,0.91,1.33,-1.44,0.01
196712,3.2,0.87,4.71,3.09,6.81,2.16,0.13,3.28,3.37,1.62,7.31,4.79
196801,-0.58,-5.16,-6.22,-0.89,-6.98,-8.81,2.69,0.2,1.16,-6.57,2.98,-3.8
196802,-2.67,-2.3,-4.6,-2.64,-3.33,-4.5,-2.4,-1.48,-0.82,-4.24,-2.95,-3.84
196803,0.74,0.52,0.9,0.76,0.64,4.26,-1.12,-3.93,2.81,0.1,0.91,-0.53
196804,11.09,11.99,11.41,5.68,8.49,12.34,2.22,2.49,12.34,11.9,11.45,12.46
196805,5.02,-0.39,4.24,1.26,-0.41,3.87,-0.74,0.45,3.54,3.34,6.67,6.09
196806,1.18,-1.63,-0.48,1.81,0.72,-2.01,4.15,8.44,0.38,2.25,7.83,0.77
196807,-3.9,-2.85,-4.63,5.28,-2.31,-5.57,-0.19,0.17,-5.12,-4.1,0.82,-4.56
196808,2.81,1.16,3.84,1.28,1.77,0.46,1.26,-0.87,2.28,0.68,5.7,1.37
196809,4.86,6.86,4.39,3.53,5.09,2.94,2.95,0.27,7.96,0.85,9.22,9.18
196810,0.87,4.71,0.57,2.55,2.36,-5.07,3.17,0.49,0.75,-0.05,3.02,0.11
196811,4.66,-0.44,5.95,5.56,5.37,8.68,5.39,8.79,5.1,8.1,6.44,8.19
196812,-1.04,-4.43,-3.1,-2.56,-4.21,-5.46,-6.64,-2.88,-4.11,-1.03,-6.24,-2.51
196901,-1.2,-1.87,-0.22,-1.12,-1.07,-4.74,1.2,2.41,-1.04,-0.23,0.07,1.31
196902,-6.59,-3.36,-6.09,-4.6,-4.69,-3.55,-3.32,-5.2,-4.09,-5.14,-8.79,-8.22
196903,0.76,5,3.05,7.09,1.17,5.48,-0.42,-1.29,5.13,3.34,3.56,-0.59
196904,1.03,1.3,1.46,-0.35,0.61,4.01,7.73,1.34,3.73,4.98,2.91,1.23
196905,1.19,-0.02,-1.35,3.69,0.94,-1.78,1.06,0.02,0.59,1.66,-1.19,-1.08
196906,-7.33,-5.96,-7.18,-9.92,-6.35,-0.01,-3.98,-5.74,-5.46,-5.03,-10.28,-10.91
196907,-6.93,-7,-6.16,-9.63,-3.14,-5.38,-4.49,-2.98,-8.51,-2.73,-8.69,-9.46
196908,5,3,4.14,6.58,4.38,7.02,1.66,-1.29,8.18,9.2,10.58,7.75
196909,0.26,-0.38,-1.47,-9.63,-4.07,0.25,-4,-4.14,-0.73,2.17,-0.74,-0.73
196910,8.35,3.87,6.74,-1.06,6.47,5.8,3.5,8.28,6.79,8.97,9.09,7.01
196911,-2.4,-4.43,-3.34,-4.51,-3.56,-1.83,1.18,-5.26,-4.19,0.34,-6.84,-4.44
196912,-1.96,-3.43,-1.38,-3.01,-1.52,-0.76,-5.51,-0.65,-3.1,4.3,-2.28,-4.99
197001,-4.3,-8.24,-7.8,-11.44,-5.48,-9.17,-2.56,-4.23,-5.93,-7.11,-9.2,-8.5
197002,4.72,5.86,5.72,5.38,3.38,2.95,7.95,8.36,5.19,5.57,11.35,7.89
197003,-0.86,4.99,-0.27,-0.43,-0.38,-2.6,2.29,2.91,-1.74,-5.1,-0.76,-2.94
197004,-10.2,-8.76,-9.8,-9.15,-6.25,-14.45,-8.79,-8.06,-11.21,-10.12,-12.81,-14.54
197005,-7.51,-6.22,-9,2.63,-2.99,-9.48,-3.74,-5.36,-9.52,-7.74,-8.37,-8.25
197006,-1.57,-3.79,-5.6,-2.46,-2.45,-11.89,-8.48,-4.7,-4.11,-0.48,-4.62,-8.93
197007,6.69,10.32,4.52,12.77,6.76,2.42,10.27,8.71,10.34,2.14,8.85,7.24
197008,1.5,8.29,4.87,6.53,3.93,8.05,2.5,4.67,5.35,1.8,5,5.04
197009,5.63,2.8,4.84,3.27,1.6,10.2,-0.93,-0.54,7.98,8.01,5.25,10.02
197010,0.66,-2.05,-3.66,2.97,-1.66,-3.54,-3.75,-0.8,-1.74,0.31,-7.27,-4.53
197011,4.8,6.84,3.55,4.89,4.89,4.12,6.11,9.39,6.84,2.97,5.95,1.69
197012,7.45,6.26,8,2.28,8.07,4.36,6.85,7.13,5.45,5.34,9.59,7.19
197101,4.92,3.75,6.08,0.39,5.25,5.42,9.75,2.95,8.33,4.92,5.22,10.36
197102,3.79,2.24,1.12,4.73,1.61,2.82,-5.3,-2.58,3.69,1.31,1.87,2.6
197103,4.47,3.48,4.24,2.71,3.78,8.05,0.73,2.39,6.88,3.68,7.2,4.75
197104,2.21,8.54,4.21,4.34,4.34,2.39,0.82,-3.54,4.93,4.23,2.28,6.33
197105,-3.05,-4.35,-2.74,-4.68,-0.95,-6.15,-5.21,-3.69,-1.77,-2.13,-5.4,-3.72
197106,-0.12,-0.54,-0.34,1.04,2.31,-2.14,1.05,4.29,0.38,2.05,-0.03,-2.58
197107,-2.13,-5.28,-5.01,-2.15,-4.39,-8.71,-3.69,-2.15,-3.53,-2.17,-1.88,-5.96
197108,3.13,10.53,6.42,-1.16,6.22,5.64,-0.24,-2.33,6.18,3.15,6.72,7.28
197109,-0.05,-0.05,-0.66,-1.67,0.61,-1.57,0.27,-1.49,0.77,0.66,-0.27,-0.56
197110,-4.33,-5.06,-6.52,-4.3,-4.71,-4.32,-1.83,2.04,-3.42,-2.47,-2.29,-6.3
197111,-0.38,0.18,-1.04,0.02,-0.91,1.83,0.43,-1.22,0.24,0.69,1.14,-1.88
197112,10.52,6.2,10.88,8.83,7.3,11.22,7.55,8.12,10.24,7.79,5.88,10.88
197201,2.51,3.38,3.06,0.16,3.71,8.41,1.01,-0.32,0.49,2.63,0.79,6.17
197202,4.64,0.57,5.09,2.61,4.84,1.72,0.24,-2.5,5.68,7.12,0.03,4.57
197203,0.09,4.3,2.64,-5.45,2.12,1.03,-0.33,-0.14,1.94,0.46,5.15,-0.58
197204,1.9,-0.6,1.97,-0.66,1.98,0.76,-1.06,-2.8,-0.57,1.1,2.57,0.97
197205,0.4,-1.21,1.64,3.62,2.66,3.74,1.24,-0.17,1.55,3.71,-1.89,0.7
197206,-1.11,-2.92,-1.82,-0.98,-3.43,-2.57,-2.64,-1.56,-4.04,2.54,-3.82,-5.24
197207,-1.61,-1.99,0.23,-1.09,1.09,0.96,0.74,0.05,-2.49,3.1,-1.01,-5.16
197208,-0.1,3.76,1.24,12.41,4.98,2.92,5.18,5.95,-0.4,1.05,6.03,0.63
197209,-2.6,-0.92,-0.86,-0.21,-2.19,-1.13,4.27,0.18,-0.54,-0.43,-0.19,-3.68
197210,0.02,-2.35,0.68,3.12,2.22,-3.33,2.27,6.77,0.83,1.5,1.65,0.47
197211,6.87,8.1,4.27,6.19,3.93,2.53,7.04,6.39,6.04,-0.53,4.72,5.6
197212,0.53,1.75,0.27,1.05,2.53,2.01,1.45,-1.54,1.7,3.73,-0.82,-0.72
197301,-4.71,-6.68,-4.16,5.02,-2.63,2.08,-2.12,-4.28,-4.12,-1.18,-7.52,-7.45
197302,-4.36,-6.03,-2.81,-7.36,-1.1,-3,-4.64,-1.98,-6.51,-0.71,-6.13,-6.02
197303,-1.04,-2.85,-0.31,3.12,-0.07,-1.18,0.53,-2.16,-5.63,0.78,-0.43,-0.12
197304,-6.26,-5.11,-4.99,-1.03,-3.33,-6.51,0.86,-0.58,-8.56,-5.48,-8.05,-7.51
197305,-2.12,-4.3,-0.83,-3.45,-1.82,-2.67,-0.84,0.36,-2.25,1.07,-3.22,-7.31
197306,-3.48,-2.61,-0.18,1.61,-0.7,-0.1,-0.32,-2.47,-5.76,0.02,2.53,-4.05
197307,7.5,7.22,6.71,0.33,6.5,4.83,-0.3,-2.39,11.15,6.87,9.11,10.16
197308,-3.32,-3.91,-0.42,-3.74,-4.04,-3.76,-3.93,-2.09,-4.16,-6.91,-2.3,-2.27
197309,5.85,7.84,4.42,9.28,5.2,-3.19,7.66,7.9,7.22,0.79,7.37,7.08
197310,-2.33,-4.5,0.32,5.23,0.43,4.18,-5.54,-3.38,-3.64,1.83,-1.81,-0.33
197311,-14.32,-16.19,-13.95,-6.16,-15.03,-11.41,-1.94,-11.61,-18.95,-7.77,-12.33,-14.63
197312,-1.63,-3.77,1.7,8.6,0.24,-4.49,4.53,3.41,-0.25,-4.48,2.18,2.81
197401,2.37,6.27,0.43,-7.52,0.55,1.1,2.01,4.55,6.72,-2.52,0.29,1.96
197402,0.04,-0.99,0.19,-1.48,-0.43,-0.66,4.75,0.27,0.8,-1.23,0.58,1.43
197403,-1.84,0.04,-1.77,-3.33,1.78,-2.69,-4.58,-3.63,-3.08,1.21,-4.13,-3.09
197404,-3.74,-3.95,-2.93,-6.3,0.11,-3.62,-5.31,-12.19,-2,-1.48,-6.83,-5.97
197405,-2.84,0.52,-4.23,-7.48,1.27,-3.93,-1.52,-4.89,1.18,-0.12,-10.07,-6.78
197406,-0.58,-2.71,-1.01,-0.27,0.92,-2.91,0.3,-6.17,-2.72,-1.62,-6.77,-4.31
197407,-10.2,-11.75,-7.37,-0.65,-6.74,-8.43,-7.62,0.79,-12.86,-14.06,-7.18,-6.11
197408,-10.26,-6.7,-9.57,-8.54,-11.54,-4.69,-0.04,-8.62,-13.13,-8.11,-11.78,-9.55
197409,-12.13,-12.77,-13.41,-7.87,-11.56,-16.97,-3.82,-1.34,-12.26,-15.55,-7.1,-11.91
197410,15.64,4.1,14.33,20.97,20.22,14.84,10.85,13,10.01,29.52,21.09,19.4
197411,-3.84,-4.68,-5.49,-4.17,-6.67,-5.05,-3.09,-0.15,-5.78,-1.2,-2.08,-3.44
197412,-0.6,-3.86,-5.03,0.8,-3.29,-5.3,1.57,-0.83,-3.43,-3.37,-2.71,-6.01
197501,18.85,21.31,16.2,6.51,10.92,15.18,11.11,18.84,25.98,-0.61,17.22,18.44
197502,4.1,4.59,7.92,2.28,8.24,13.25,5.16,0.92,5.18,16.04,0.23,5.6
197503,7.08,6.69,5.19,-2.21,4.66,1.03,-0.85,-1.34,10.72,1.28,2.48,5.66
197504,3.11,4,8.59,7.26,11.62,5.57,-0.95,-1.58,2.6,0.72,1.37,5.09
197505,5.18,2.62,3.07,12.35,2.17,6.04,3.52,8.45,3.99,6.48,6.38,5.08
197506,5.39,10.21,3.75,6.23,3.4,2.01,4.07,10.77,7.41,0.91,6.34,5.61
197507,-5.39,-2.06,-6.07,-4.17,-5.58,-9.43,-4.22,-4.78,-7.39,-12.03,-7.33,-5
197508,-3.14,-3.43,-0.9,-0.93,-0.72,-2.86,-3.59,-1.3,-0.4,-3.34,-6.14,-4.2
197509,-2.51,-2.55,-5.19,-1.16,-7.09,-0.8,-1.25,-0.97,-3.47,-6.54,-7.51,-5.21
197510,10.56,8.87,4.83,-1.39,7.5,8.49,6.81,6.51,9.85,10.68,5.03,2.9
197511,4.07,3.39,3.05,-1.63,2.98,5.03,4.25,3.12,4.65,5.12,4.84,2.37
197512,-1.51,-0.39,-1.06,0.07,-1.92,-1.19,-0.09,1.33,-3.01,-6.36,-0.43,-0.17
197601,11.01,15.59,17.29,8.36,16.05,18.18,9.5,8.37,8.99,7.78,12.22,13.59
197602,-1.06,3.89,2.41,-3.15,0.29,1.11,3.56,-3.53,4.62,-6.52,1.93,4.23
197603,0.72,3.63,2.28,7.27,-1.46,3.1,0.59,1.42,3.44,6.52,3.25,0.75
197604,-1.7,1.89,-1.81,2.12,-0.49,-3.46,1.72,0.65,-4.69,-4.31,-2.61,-0.62
197605,-2.17,-3.17,-0.81,5.49,-2.15,0.53,-2.95,-1.38,-5.74,-2.81,-2.16,-1.23
197606,3.66,4.25,4.43,5.07,2.08,8.24,3.58,4.27,1.5,3.66,6.47,4.47
197607,1.5,-1.07,-2.02,-0.66,-1.45,-2.23,1.24,2.82,-2.34,-0.38,1.17,-1.29
197608,-0.31,-1.43,-1.38,-0.88,-2.36,-0.84,4.73,2.93,2.86,2.17,-0.14,-2.19
197609,1.54,4.52,1.37,5.98,0.46,2.89,1.61,4.1,0.44,3.62,0.54,1.34
197610,-1.6,-1.18,-3.68,-2.42,-2.41,-4.46,1.27,-0.84,-0.93,-3.75,0.62,-1.62
197611,1.74,-0.75,1.1,0.86,-3.71,1.6,3.15,3.16,4.82,-9.69,1.71,2.42
197612,5.23,9.7,5.11,6.27,7.76,3.72,3.46,6.53,2.37,6.26,8.91,7.83
197701,-4.07,-4.14,-5.75,0.25,-6.52,-3.94,0.1,0.8,-7.13,-8.82,-4.58,-3.68
197702,-1.4,-3.5,-0.48,-2.95,-0.94,-0.68,0.97,-3.4,-1.88,-0.21,-1.61,-1.9
197703,-1.4,-3.37,-0.09,-2.08,-0.85,-0.1,-1.03,0.15,-2.74,-1.79,-0.53,0.37
197704,0.53,3.18,1.08,2.57,-0.62,-3.6,0.67,1.95,-3.41,-5.2,2.34,1.93
197705,-0.94,-0.5,-2.81,-0.4,-3.33,-1.45,1.42,1.67,-2.74,-1.88,-0.59,-1.13
197706,4.52,4.32,3.77,6.06,2.61,7.83,1.96,5.72,6.04,9.04,6,4.53
197707,1.21,-2.43,-4.13,-1.84,-2.34,-0.06,-0.85,0.87,-0.18,-2.24,0.44,-1.33
197708,0.11,-0.87,-1.44,-5.72,-0.86,0.59,-2.26,-3.25,4.61,3.79,-1.19,-1.33
197709,0.24,1.6,-1.22,0.78,-0.3,-1.86,3.47,2.01,-0.66,-0.84,-0.04,-0.15
197710,-3.35,-4.47,-4.98,-3.59,-3.61,-3.2,-5.05,-3.14,-3.16,-1.68,-4.84,-3.92
197711,4.63,1.94,4.65,3.45,3.56,5.23,2.21,4.3,5.57,6.02,5.88,7.22
197712,-0.01,-0.65,0.75,1.85,0.84,2.36,2.16,-0.32,-1.26,0.59,-0.09,1.53
197801,-5.29,-6.86,-5.88,-6.9,-6.56,-4.65,-4.16,-4.57,-6.81,-1.86,-6.04,-4.45
197802,0.12,0.4,-2.07,-1.1,-3.98,-3.49,4.11,-0.4,-0.41,-3,0.08,-0.42
197803,4.16,6.11,4.39,2.03,2.73,-0.77,2.63,2.48,2.92,4.16,5.14,5.74
197804,6.89,9.7,11.55,6.75,11.22,13.36,2.96,0.23,10.79,9.2,10.01,8.54
197805,4.24,0.14,5.24,0.82,1.27,1.59,-0.38,0.71,1.26,5.25,1.32,3.98
197806,-0.27,-2.86,-1.37,-3.74,-1.62,-0.41,-1.53,0.82,-1.97,1.1,-0.51,0.04
197807,3.55,4.63,8.8,3.44,5.16,8.69,1.44,2.82,5.2,8.87,5.16,8.25
197808,4.12,2.87,3.97,5.13,3.76,6.07,3.57,0.47,5.7,1,5.63,7.27
197809,-0.37,-0.45,-2.3,4.76,-1.43,-4.23,1.22,-0.26,-2.65,-2.75,-0.88,-1.7
197810,-11.58,-11.17,-12.22,-10.62,-8.97,-10.72,-4.53,-7.08,-14.19,-12.84,-11.43,-17.15
197811,2.2,0.77,3.26,6.21,1.75,5.14,3.01,3.01,2.6,5.18,1.76,3.45
197812,1.74,-0.56,1.66,2.95,0.84,6.55,0.1,-1.23,-0.57,3.42,1.45,1.16
197901,4.2,5,7.23,3.2,4.63,4.26,3.65,6.35,5.72,1.42,5.3,7.07
197902,-3.51,-3.54,-4.71,0.65,-3.81,-3.32,-0.63,-1.62,-4.42,-4.52,-3.37,-3.09
197903,4.13,6.6,7.54,9.3,6.97,7.54,0.17,2.35,6.15,5.05,7.46,9.04
197904,0.22,2.99,-0.34,4.31,-0.89,0.36,-2.12,-2.72,0.83,0.42,1.43,1.61
197905,-1.77,-0.78,-2.06,-2.31,-2.93,-1.97,0.09,1.39,-2.39,-2.64,0.17,-0.88
197906,3.28,2.99,3.92,9.19,2.39,0.41,1.95,4.99,3,4.83,8.69,5.02
197907,2.07,2.05,1.81,1.7,2.85,-1.72,-0.11,2.12,1.18,0.14,3.25,3.37
197908,7.55,4.69,7.61,7.97,7.79,6,1.57,2.05,8.85,8.54,5.11,6.76
197909,-1.91,0.43,-1.33,5.84,0.87,-1.74,-2.39,-2.14,-0.75,-0.54,-1.06,-0.15
197910,-7.67,-9.42,-9.09,-2.39,-8.11,-7.75,-5.08,-5.8,-8.89,-4.34,-10.08,-10.24
197911,5.15,-2.36,4.49,8.93,5.35,8.18,4.05,7.79,3.91,8.75,6.3,7.84
197912,3.38,3.39,4.64,2.68,3.96,1.68,-1.51,-0.92,3.07,2.08,1.76,7.04
198001,3.12,9.06,8.8,14.15,2.18,7.51,-2.05,1.6,1.38,-1.29,2.09,9.4
198002,-4.8,-6.31,-2.75,12.58,-1.84,-3.59,-1.48,-3.36,-4.79,-4.63,-5.02,-1.59
198003,-8.16,-8.74,-12.36,-17.79,-9.99,-12.66,-2.64,-6.67,-8.76,-2.84,-8.89,-15.65
198004,6.52,-1.91,2.37,6.85,5.58,0.56,7.3,11.96,3.36,4.28,6.83,5.25
198005,7.88,4.31,5.63,4.05,7.79,4.79,5.02,4.61,10.67,6.96,7.87,8.38
198006,2.99,2.79,2.81,5.81,1.05,3.08,-0.58,4.54,2.37,0.21,4.91,5.35
198007,7.76,11.76,11.48,1.67,9.36,15.42,1.02,-0.12,10.84,8.89,3.21,10.82
198008,1.45,1.46,1.48,3.79,1.94,3.65,6.31,-1.08,1.86,0.3,1.88,3.53
198009,0.21,0.97,3.68,6.8,0.84,1.89,-1.59,0.17,1.29,3.6,2.64,4.67
198010,0.28,-1.73,1.25,8.01,-1.47,1.76,-3.24,2.01,-1.15,-1.29,0.06,3.13
198011,0.92,4.78,8.78,24.56,7.27,9.88,0.01,7.51,2.8,8.81,5.59,9.45
198012,1.04,-1.16,-2.53,-10.87,-0.97,-1,0.83,-2.02,-1.43,4.61,3.17,-4.61
198101,2,-2.2,-2.79,-10.36,0.31,-8.24,5.53,-2.72,0.46,-1.57,-2.5,-2.58
198102,2.49,6.41,4.27,-0.47,4.72,0.34,2.16,-1.32,2.64,1.85,1.95,1.42
198103,6.93,7.07,7.29,-2.49,2.42,5.07,1.16,2.96,12.72,5.87,6.87,10.11
198104,1.15,1.81,-0.76,-7.45,-1.19,-0.03,6.21,-2.58,3.02,3,0.64,1.31
198105,2.64,2.88,-0.09,-4.01,-1.08,4.31,7.14,1.95,2.82,3.47,2.77,2.23
198106,-0.2,-4.21,-2.46,4.75,1.69,-6.68,-1.91,3.45,-1.43,-5.58,1.72,-3.86
198107,-0.65,-2.97,-2.62,7.86,-3.67,-3.61,0.37,2.81,-3.33,-3.89,-3.08,-2.28
198108,-5.1,-7.85,-7.26,-6.4,-5.64,-7.24,-0.8,-0.83,-5.32,-7.75,-5.15,-5.98
198109,-2.18,-2.97,-7.43,-12.3,-6.58,-3.64,2.81,-5.56,-3.9,-1.33,-2.52,-9.14
198110,7.51,-4.14,2.9,10,5.81,5.07,6.03,4.86,6.83,7.95,7.45,6.8
198111,2.69,4.81,4.94,6.86,3.46,1.44,2.64,5.91,1.05,3.93,5.67,4.25
198112,-1.79,0.42,-1.29,-6.54,-2.42,-0.04,-1.43,-2.33,-2.02,-0.75,-3.86,-3.59
198201,-0.9,1.2,-3.86,-8.58,-1.79,2.99,0.67,-0.69,0.14,1.45,-2.16,-4.72
198202,-1.97,-1.94,-5.47,-10.94,-6.1,-5.13,-5.7,-0.45,-1.37,-1.81,-2.91,-5.36
198203,2.47,3.65,-1.95,-3.61,-1.04,-3.69,2.05,1.63,4.11,-2.57,-1.04,-1.71
198204,6.64,4.49,2.58,4.4,4.94,7.51,-0.17,3.83,5.35,7.33,3.29,4.32
198205,-3.21,-1.83,-5,2.47,-3.92,-5.35,-1.05,-0.5,-2.62,-3.05,-5.53,-5.45
198206,1.7,2.71,-2.11,-6.47,-3.64,-2.32,-2.55,-2.24,2.75,-0.73,-2.53,-2.37
198207,-0.46,-0.39,-2.22,-7.95,-2.63,1.71,1.17,-2.61,0.25,0.85,-3,-3.08
198208,9.21,13.77,13.77,9.82,14.27,12.86,10.84,11.91,12.55,12.38,11.44,11.09
198209,5.32,-0.73,-1.38,1.95,-0.12,1.15,1.05,1.09,4.8,1.37,6.02,1.12
198210,10.57,16.56,13.44,5.61,12.06,17.04,8.18,4.89,16.89,8.35,15.11,16.58
198211,5.15,8.22,6.24,-4.39,4.84,10.69,6.02,0.1,11.16,5.31,6.56,9.41
198212,0.84,3.13,1.78,5.47,-1.82,2.69,-1.22,4.29,-2.1,0.56,-2.32,0.32
198301,-1.02,5.12,4.28,3.69,6.82,8.37,12.34,3.64,1.33,1.43,0.46,6.63
198302,3.76,3.56,4.4,-0.39,3.22,3.68,-0.29,1.45,7.93,2.8,5.54,3.36
198303,7.39,-1.07,1.87,5.99,2.6,0.65,0.71,0.3,8.53,4.63,6.88,2.05
198304,6.29,11.02,5.8,9.46,7.68,7.51,5.13,4.78,8.62,5.12,9.12,7.04
198305,-0.88,-2.14,2.36,1.29,1.27,2.67,-1.26,2.63,0.47,-2.66,0.62,5.38
198306,2.97,10.41,1.54,6.48,1.62,6.2,0.22,-0.41,6.09,6.89,0.27,3.8
198307,-2.59,-3.62,-2.84,-2.32,-1.83,-5.37,-5.17,1.04,-3.24,-5.63,-2.89,-5
198308,0.64,-2.48,-1.01,7.2,4.72,-1.01,2.19,1.51,-4.71,-1.08,0.76,-3.48
198309,4.59,4.44,3,-4.85,0.69,2.17,2.26,4.66,2.2,1.28,1.99,0.95
198310,-0.25,0.36,-2.41,-2.1,-2,-6.9,-5.22,3.07,-1.72,-2.14,-2.96,-5.89
198311,2.26,4.12,7.87,-0.57,3.24,2.13,3.17,-1.57,4.47,-3,3.95,5.94
198312,-0.46,0.98,-0.28,1.91,-3.12,0.47,-1.52,-3.63,-4.75,-3.6,-0.74,-1.19
198401,-0.75,-5.4,-3.38,9.99,-4.11,-6.19,4.06,1.49,-5.88,-0.61,-0.5,-3.48
198402,-5.72,-6.08,-6.74,3.88,-6.39,-5.9,-3.7,-3.36,-4.45,-1.99,-4.56,-5.56
198403,1.56,0.38,2.56,0.16,5.4,1.78,-4.21,-0.23,1.24,-0.7,2.1,3.05
198404,0.47,1.3,-0.59,4.07,1.02,-0.38,2.18,-0.4,0.28,2.34,-1.18,-3.62
198405,-2.4,-5.57,-6.1,-5.06,-5.08,-5.4,-3.49,-0.83,-5.12,-6.45,-7.4,-5.91
198406,6.32,1.99,3.81,-2.21,1.85,1.65,12.26,0.47,7.38,3.85,2.28,2.23
198407,-1.73,2.59,-1.26,-7.16,-1.93,-2.23,2.89,-0.03,0.13,-3.81,-0.64,-4.46
198408,8.78,10,12.02,13.75,11.53,13.81,7.15,7.75,9.87,10.29,11.02,11.65
198409,1.27,-0.14,-2.62,2.12,-2.39,-3.94,4.04,4.81,0.07,-4.39,3.22,-0.11
198410,1.41,2.16,0.86,-4.49,-0.12,-0.45,-3.52,3.31,-0.73,1.6,1.2,-0.47
198411,0.32,-2.99,-1.5,-1,-0.82,-3.89,0.47,3.03,-2.87,-0.04,0.28,-1.75
198412,2.46,4.59,2.49,-0.56,1.32,2.49,5.32,2.63,0.76,2.84,4.45,1.86
198501,5.01,9.81,9.56,6.51,5.8,12.5,5.25,2.4,13.17,8.24,8.88,12.2
198502,5.05,-1.58,1.07,3.81,1.94,-1.36,3.37,1.39,2.08,3.61,2.15,2.24
198503,4.7,-5.24,-3.41,1.56,-1.4,-5.95,4.46,6.12,-0.58,3,0.09,-0.87
198504,-2.11,-3.45,-2.03,3.87,-0.1,-3.71,-0.71,1.62,0.11,-1.7,2.56,-1.07
198505,7.9,5.94,5.71,0.65,6.94,2.83,8.35,5.5,9.61,9.54,6.25,6.6
198506,2.73,1.51,1.39,-0.79,1.92,-0.74,4.5,3.62,1.58,2.32,2.96,2.79
198507,-2.59,2.4,3.35,-0.31,3.4,4.57,-4.56,-4.7,-3.98,-0.46,-1.32,3.09
198508,0.76,-2.62,-1.25,1.41,-0.89,-2.61,0.53,1.92,-0.58,-0.81,-0.4,-0.49
198509,-0.64,-3.26,-4.33,-1.34,-3.11,-4.7,-4.17,-5.31,-4.28,-3.92,-4.44,-6.21
198510,3.58,0.87,1.82,6.25,6.81,3.01,4.04,6.31,6.84,3.16,7.65,3.08
198511,8.48,9.98,8.57,0.54,6.51,8.54,7.39,4.24,7.97,9.75,7.62,7.06
198512,5.41,7.18,4.08,-3.1,5.63,8.3,6.19,4.85,4.53,3.5,4.96,3.27
198601,1.85,2.2,2.16,-6.83,0.3,-0.34,-3.95,3.78,1.66,1.09,3.49,3.66
198602,10.81,10.92,9.73,0.75,11.23,4.94,7.39,6.56,7.79,6.13,8.62,7.51
198603,8.04,7.91,5.99,0.19,5.98,-0.24,3.82,3.95,8.57,12.02,5.88,5.54
198604,0.44,-3.55,-2.87,0.69,0.91,3.91,2.44,-3.9,0.31,0.7,-3.31,-0.41
198605,8.85,3.18,3.68,7.35,6.09,0.83,4.81,3.63,9.91,7.27,4.98,3.76
198606,6.26,-1.26,-0.79,-2.29,1.41,-4.03,5.42,5.07,3.91,5.64,2,0.3
198607,-5.7,-9.04,-7.81,-5.18,-5.89,-8.24,-3.02,5.13,-9.55,-5.32,-5.43,-9.68
198608,2.62,7.52,7.01,16.56,4.54,7.02,6.87,7.91,1.68,4.01,7.1,6.16
198609,-10.82,-8.18,-6.64,-0.92,-7,-7.08,-9.29,-9.09,-8.46,-12.54,-10.28,-3.68
198610,8.86,6.48,5.69,1.93,8.52,0.51,4.66,5.24,7.38,7.94,3.52,6.63
198611,0.74,4.83,2.52,3.27,3.34,3.59,3.94,0.55,1.81,1.36,-0.89,0.21
198612,-3.19,-2.19,-1.55,-0.48,-2.62,-3.78,-3.72,-3.3,-6.25,-1.24,-2.33,-3.15
198701,14.51,18.81,14.35,14.11,14.77,16.53,5.31,9.3,11.76,13.16,10.47,13.36
198702,5.62,3.47,4.8,-1.65,4.98,9.5,0.04,-2.14,9.81,11.24,3.94,6.99
198703,1.07,4.63,2.63,12.34,4.86,2.75,1.43,-1.67,1.72,0.17,-1.45,3.16
198704,-3.66,4.08,-2.02,0.28,-0.2,4.42,-2.42,-4.32,-2.7,-2.45,-4.93,-1.48
198705,2.58,-1.41,0.04,2.95,0.84,0.26,3.33,-1.85,-0.04,1.24,-0.74,1.88
198706,6.82,2.98,4.98,6.04,5.2,-0.05,7.04,3.39,6.27,4.78,4.95,3.71
198707,5.69,6.96,8.38,3.17,4.43,0.92,6.01,-1.68,5.74,5.77,1.91,7.28
198708,3.73,5.68,2.67,1.92,2.98,7.56,5.11,3.71,3.35,2.21,5.82,1.09
198709,-2.74,-3.98,0.73,-3.84,-0.76,-2.85,2.99,-2.31,-6.37,-2.54,-2.26,-0.65
198710,-21.02,-26.94,-28.58,-18.41,-24.59,-25.78,-12.39,-6.93,-28.06,-20.45,-21.17,-29.2
198711,-8.02,-8.51,-4.42,-10.56,-6.68,-9.89,-8.94,-2.52,-8.46,-9.31,-7.17,-5.28
198712,7.53,8.6,10.25,6.78,12.36,11.76,4.27,0.57,8.56,5.34,3.59,10.02
198801,3.01,4.48,0.73,8.45,-0.6,-2.47,9.77,9.77,5.58,6.36,8.88,0.57
198802,6.01,6.27,8.35,3.6,6,7.45,1.32,-1.42,10.25,4.2,3.05,7.54
198803,-1.52,-4.17,-0.61,2.61,-2.81,-4.8,-3.83,-3.18,-1.11,-2.52,-2.61,1.68
198804,-0.09,2.9,1.84,4.64,1.09,2.67,0.68,-0.29,1.65,-2,-0.44,-0.27
198805,-0.29,1.23,0.01,-0.42,-1.12,-1.37,2.17,3.59,-1.42,-0.25,2.01,-1.45
198806,3.42,8.26,7.77,-2.1,6.86,9.49,3.01,3.22,6.56,2.68,5.53,7.16
198807,1.62,-0.82,-1.94,3.63,-3.33,-5.12,0.01,-0.26,-0.82,0.49,0.25,-2.03
198808,-0.22,-6.68,-4.71,-1.5,-3.66,-8.21,-3.07,-0.13,-2.6,-1.04,-0.06,-2.45
198809,6.49,3.9,3.63,-2.48,2.93,2.85,7.36,2.72,8.23,3.86,3.92,4.46
198810,8.17,3.33,0.58,1.89,0.95,0,2.79,2.53,1.6,1.22,-0.17,0.29
198811,-1.14,-0.94,-1.94,-0.29,-2.69,-3.13,0.33,-0.46,-2.81,-2.17,-2.62,-1.17
198812,3.51,0.26,2.44,1.86,4.84,4.89,1.62,1.01,1.56,1.82,-0.11,2.82
198901,5.64,7.61,6.68,6.23,9.46,7.1,8.95,2.76,6.29,6.78,6.74,7.12
198902,-1.4,-2.99,-2.04,-1.27,-2.21,-3.75,-1.22,-1.82,-1.86,-1.15,-0.35,-0.52
198903,5.43,-1.41,0.54,3.93,2.76,-5.53,5.57,0.56,2.8,4.94,4.7,1.26
198904,5.74,0.47,5.51,2.51,5.05,5.19,9.62,3.91,5.55,5.41,3.86,6.09
198905,5.38,2.3,4.26,2.67,2.12,2.46,5.79,5.35,5.35,3.41,4.1,4.29
198906,1.48,1.27,-3.19,-0.99,-1.53,-3.27,-0.03,3.41,-2.04,-2.72,0.86,0.81
198907,11.99,5.11,7.85,3.78,7.12,2.95,8.55,5.8,9.17,13.9,8.12,8.18
198908,-1.99,5.43,3.42,3.5,6.87,2.58,1.03,-0.8,2.64,0.37,1.94,5.81
198909,-0.54,-4.6,-2.17,1.37,-3.43,-2.79,3.82,0.48,-2.31,2.41,2.1,0.12
198910,-2.49,-5.7,-4.62,0.78,-3.74,-4.56,-2.06,1,-4.09,0.39,-4,-6.15
198911,1.68,-1.18,3.34,3.98,2.42,-1.81,1.99,3.23,1.26,4.54,-0.48,0.76
198912,1.36,-1.45,2.31,6,4.56,-1.06,5.71,4.79,1.17,1.05,-2.44,0.23
199001,-9.43,-3.84,-5.61,-4.3,-8.05,-1.25,-13.39,-5.35,-6.43,-7.36,-9.78,-7.32
199002,-0.39,5.13,2.71,3.1,2.18,4.02,-0.35,0.21,1.99,-2.06,2.32,2.95
199003,4.54,2.9,4.6,-0.57,2.22,4.47,4.18,-0.75,5.11,3.85,-1.56,1.92
199004,-0.27,-4.04,-2.96,-3.54,-2.16,-2.02,-3.46,-5.51,-2.1,0.29,-4.23,-2.21
199005,9.04,7.76,7.75,6.03,8.93,12.56,9.38,5.43,11.65,12.77,9.26,8.88
199006,2.03,-2.25,-0.61,-2.04,-0.54,-1.24,-4.71,0.75,1.49,4.43,-1.85,-1.24
199007,-0.81,-3.48,-0.07,8.32,0.8,-7.55,-4.58,0.89,-4.08,2.6,-4.58,-1.53
199008,-7.36,-14.27,-11.96,-1.25,-12.47,-12.1,-10.74,-6.64,-12.17,-6.8,-11.01,-11.9
199009,-4.11,-10.58,-8.55,-1.57,-6.68,-6.67,1.27,0.48,-8.73,-4.35,-11.44,-7.62
199010,2.45,-3.22,-3.7,-4.04,2.47,-3.6,2.8,7.24,-3.09,1.42,-7.01,-5.23
199011,6.56,4.1,6.83,1.62,8.72,11.12,3.1,2.29,10.37,9.49,14.25,5.32
199012,4.41,-0.44,5.38,-2,3.95,4.15,1.74,0.8,3.35,2.78,5.46,5.44
199101,5.15,7.29,8.17,-2.05,2.6,14.94,0.19,-1.37,9.35,4.54,7.19,8.14
199102,10.29,10.23,5.9,8.52,5.8,6.22,3.42,4.84,8.3,9.87,10.79,8.01
199103,4.78,1.16,1.47,1.32,1.16,0.16,2.33,1.71,8.58,5.42,5.86,-0.91
199104,-0.97,-2.35,-0.21,2.46,2.29,-2.95,1.12,-0.04,1.97,-1.14,1.69,0.48
199105,3.6,14.72,7.31,-1.41,7.89,3.77,-1.45,0.15,7.65,4.65,4.62,5.34
199106,-4.95,-4.46,-4.14,-3.65,-4.55,-8.9,-1.9,-2.36,-4.29,-4.18,-5.29,-5.08
199107,5.67,-0.41,2.26,5.07,5.1,4.63,3.2,3.99,5.33,8.46,5.68,2.83
199108,5.4,-2.13,2.09,1.71,1.49,2.79,0.83,3.52,3.62,2.88,4.38,0.64
199109,-3.25,-2.68,-2.45,-0.71,-1.9,-1.34,0.54,3.73,-3.25,-0.36,-0.23,-1.22
199110,-0.6,-1.99,1.66,2.06,1.1,1.96,2.1,1.23,-1.95,6.63,2.1,2.8
199111,-0.52,-7.97,-5.78,-7.7,-5,-4.37,-4.93,1.89,-1.25,-2.59,-5.16,-5.88
199112,14.63,7.64,11.65,2.07,11.36,9.16,9.82,5,12.97,16.54,13.3,11.14
199201,-3.05,10.49,2.09,-4.12,2.84,6.6,-2.61,-4.58,0.36,-5.55,0.79,4.74
199202,1.1,12.28,2.48,-0.52,1.56,3.88,-1.21,-1.24,2.59,-2.64,2.93,3.51
199203,-1.56,0.79,-2.01,-2.79,0.68,-5.17,-0.98,-0.53,-1.39,-5.47,-0.82,-4.78
199204,0.74,7.9,2.04,9.49,5.05,-0.97,6.84,2.69,-3.48,-2.16,0.88,-0.26
199205,1.38,-1.92,-0.73,3.18,-0.51,0.08,-1.7,2.53,0.23,1.13,2.5,-0.57
199206,-2.88,2.15,-2.12,-3.51,-5.54,-4.07,1.23,0.54,-1.92,-4.72,1.24,-2.66
199207,4.67,0.43,1.97,5.33,5.14,3.01,5.37,6.69,3.83,5.8,3.62,2.18
199208,0.85,-9.46,-2.96,2.6,-4.62,-4.52,-1.05,-0.49,-0.56,-3.37,-3.22,-3.84
199209,1.1,0.27,2.12,0.14,1.25,3.37,1.81,0.83,4.08,-4.97,3.38,3.66
199210,-0.85,0.07,0.24,-3.46,2.34,2.14,-0.54,-0.43,4.37,3.35,2.83,3.28
199211,3.65,8.64,4.72,-2.68,2.36,6.31,4.29,-0.24,7.16,4.83,6.49,4.97
199212,0.08,3.39,2,1.91,0.1,0.01,5.57,2.71,0.64,-1.36,4.65,2.02
199301,-0.78,9.45,1.42,2.77,-2.7,4.86,1.16,2.45,0.11,-6.84,3.66,2.41
199302,-2.05,-0.28,1.51,5.96,2.02,-0.28,5.72,6.21,-1.5,-8.96,0.97,-0.99
199303,0.01,5.49,2.61,4.11,1.23,2.24,3.26,1.76,2.82,0.74,4.4,2.77
199304,-9.24,2.32,-0.53,1.15,1.23,-3.66,-2.87,-0.14,-8.13,1.31,-3.69,-2.07
199305,2.67,1.12,2.84,1.76,1.31,8.78,4.23,-0.05,5.87,3.58,0.43,4.76
199306,-0.75,3.31,0.4,-1.13,-2.01,-0.44,4.64,3.18,-2.88,-2.99,3.87,-1.54
199307,-2.36,1.68,0.23,0.49,-0.91,-3.9,2.15,1.94,0.71,-5.94,2.43,1.07
199308,4.28,0.5,3.85,4.22,2.43,6.42,5.47,3.68,3.97,3.13,3.15,4.18
199309,-1.79,0.82,-1.75,1.38,-2.37,1.29,-0.48,-0.64,-0.27,0.88,2.36,0.14
199310,6.09,7.51,2.38,-1.94,4.9,1.59,2.59,-1.96,4.74,5.94,-3.76,1.5
199311,0.67,0.84,1.22,-5.94,1.61,0.07,-6.04,-5.52,0.64,1.1,-3.83,-0.37
199312,1.46,4.51,4.17,0.6,2.67,3.02,-0.44,1.61,-1.82,2.45,2.25,3.38
199401,-0.44,6.96,4.14,4.9,6.56,4.74,2.01,-1.22,1.03,1.98,4.16,4.93
199402,-1.28,-4.36,-0.61,-2.94,-0.73,1.7,-5.53,-4.96,1.92,-5.57,-4.04,-3.52
199403,-4.05,-6.42,-4.5,-3.58,-4.33,-3.89,-3.74,-3.93,-4.81,-6.68,-3.34,-6.32
199404,1.22,-0.45,-1.36,4.17,3.4,-1.56,1.42,2.12,0.2,2.3,2.44,-1.48
199405,-1.33,-2.77,1.97,0.92,2.25,2.09,1.66,-5.35,-1.81,4.43,4.32,-0.08
199406,-1.83,-3.44,-2.28,-2.73,-3.24,-5.21,0.71,-3.14,-2.67,-3.75,-2.6,-2.77
199407,2.94,3.68,4.83,3.26,3.93,3.89,3.2,5.17,0.86,1.08,2.8,2.39
199408,6.03,-0.25,3.85,-0.12,6.78,9.31,1.16,0.66,4.57,10.82,3.55,3.43
199409,-0.34,-5.07,-1.83,-2.09,-1.27,-0.47,-1.1,-2.78,-2.37,1.72,-4.73,-2.86
199410,2.16,-1.49,0.14,7.4,1.57,7.28,-0.08,1.57,1.24,0.91,0.35,-0.68
199411,-1.67,-5.11,-5.27,-4.83,-5.82,-2.14,-5.45,0.27,-3.41,0.47,-5.32,-4.75
199412,1.32,3.85,4.64,-1.01,2.72,2.52,0.9,0.35,-2.85,0.58,1.36,1.56
199501,1.85,-5.82,-0.19,0.38,-0.86,-0.81,4.2,6.22,1.53,6.18,5.63,2.29
199502,2.99,5.06,5.89,4.49,4.72,6.77,1.51,0.82,2.73,2.24,4.93,4.72
199503,2.73,1.44,3.15,5.28,4.22,4.56,0.28,-1.75,3.52,2.78,1.2,3.7
199504,1.84,1.46,2.69,2.25,3.64,8.31,1.59,2.38,-1.69,3.02,1.69,1.7
199505,4.72,4.83,3.09,4.09,3.41,3.09,0.63,6.03,2.68,1.63,6.21,0.17
199506,1.69,0.82,2.67,-3.08,0.68,9.82,3.86,-0.46,4.93,4.49,1.73,3.44
199507,1.25,2.65,4.49,2.3,1.1,7.91,5.15,-0.38,3.54,5.39,4.21,6.42
199508,0.68,0.72,-0.25,-1.59,-0.09,-0.13,4.32,0.99,-2.74,1.07,5.17,0.13
199509,6.69,-0.52,1.47,1.29,4.13,1.28,5.64,6.29,2.82,7.48,5.75,1.35
199510,0.36,-4.78,-2.64,-0.26,-2.81,1.47,-0.12,1.49,-5.45,1.11,-1.93,-2.42
199511,4.52,5.45,6.49,4.77,6.46,-0.71,2.81,1.56,6.15,4.99,6.73,4.46
199512,1.7,3.15,1.93,5.8,0.61,-4.23,3.94,5.08,-0.8,5.91,1.25,0.59
199601,2.67,3.5,2.69,-0.4,4.91,1.91,2.32,1.86,-0.35,6.04,3.93,2.61
199602,3.12,2.02,0.58,1.04,1.73,6.31,-2.19,-2.63,4.39,-1.12,2.14,2.34
199603,-0.94,4.28,2.96,4.99,4.9,-3.45,-1.87,-0.52,5.98,0.19,0.98,3.84
199604,0.1,3.54,2.54,3.42,-0.46,10.03,2.7,-2.68,4.26,-0.61,-1.06,3.72
199605,6.56,2.25,3,0.47,0.76,3.84,0.05,1.33,4.41,3.94,1.42,1.84
199606,3.24,-4.93,-0.31,0.96,-0.71,-4.89,0.42,5.26,-1.65,-0.23,0.64,-2.66
199607,-4.1,-4.45,-4.42,-4.61,-2.88,-7.35,-8.54,-5.82,-7.56,-6.07,-2.53,-8.59
199608,-0.75,3.08,3.44,2.91,2.84,4.38,-0.93,2.89,5.83,4.22,4.16,3.28
199609,3.68,1.17,5.93,4.02,6.54,10.7,1.53,0.67,3.56,7.33,5.77,3.15
199610,1.78,3.74,1.4,5.9,2.16,-1.89,-0.72,3.61,-2.23,-0.71,5.49,-0.35
199611,5.13,5.86,6.14,5.51,5.78,12,5.65,2.61,3.08,6.67,8.45,4.76
199612,0.51,-2.41,0.06,0.8,-1.55,-2.75,2.64,0.15,-3.47,-2.65,-1.6,-2.11
199701,5.58,2.83,3.97,4.36,4.8,9.32,2.34,0.9,0.16,9.52,6.59,4.45
199702,4.09,0.56,0.4,-5.67,1.78,-7.32,2.29,-0.55,3.06,0.97,3.93,-1.57
199703,-5.12,-3.25,-4.04,5.26,-2.94,-5.62,-7.59,-2.76,-1.31,-7.36,-6.62,-3.7
199704,5.19,3.96,5.33,0.06,5.34,7.77,2.54,-1.4,2.22,6.19,6.2,2.01
199705,5.89,6.28,8.4,7.3,6.29,10.13,6.64,3.78,6.05,6.88,5.83,7.54
199706,3.53,3.43,5.17,1.31,5.24,1.45,3.78,3.05,5.05,8.88,6.17,2.91
199707,3.35,7.46,7.11,7.44,7.29,16.01,2.69,2.8,7.75,2.04,10.64,5.34
199708,-6.25,1.37,-4.92,0.27,-7.18,-1.31,-2.48,-1.16,-2.57,-6.13,-5.63,-1.95
199709,5.56,5.34,3.78,6.28,2.05,3.45,9.65,4.64,5.17,6.6,8.11,7.39
199710,-3.14,-3.3,-6.72,-2,-3.58,-8.4,3.07,0.92,-2.17,0.16,-1.94,-4.94
199711,6.45,-1.63,3.8,-3.54,5.38,1.48,10.5,7.15,5.36,2.84,3.61,1.17
199712,3.78,4.1,-0.98,-1.46,1.71,-4.2,4.52,7.95,-0.24,3.55,5.88,3.29
199801,-2.89,0.55,1.72,-5.73,-1.83,5.29,4.71,-4.39,0.91,5.73,-2.86,0.39
199802,5.14,12.28,6.6,6.83,8.53,10.39,2.66,2.64,10.4,5.47,8.82,6.13
199803,5.72,6.24,5.19,4.78,4.03,1.32,9.8,6.77,6.54,3.61,5.72,6.03
199804,-3.1,0.99,1.17,3.79,1.43,5.12,-3.05,-2.51,-0.37,1.9,1.86,1.59
199805,1.08,7.2,-3.76,-4.21,0.92,-6.96,-1.52,-0.88,2.14,-2.46,-2.31,-5.53
199806,3.8,1.8,-0.96,-1.33,0.39,8.76,3.19,2.84,4.79,6.16,3.5,1.69
199807,-4.07,-1.32,-4.77,-6.69,-8.12,0.49,3.81,-5.35,-3.12,-0.22,-1,-4.32
199808,-13,-19.17,-15.63,-10.37,-10.84,-17.58,-11.77,2.29,-14.23,-12.25,-22.15,-19.2
199809,1.3,1.55,1.79,13.04,-2.58,15.15,10.18,7.96,1.47,12.01,2.03,5.24
199810,10.8,11.71,11.18,1.27,11.42,6.38,6.71,-1.77,10.64,3.85,10.01,5.39
199811,6.33,4.84,4.14,0.47,2.28,11.64,3.69,1.35,9.49,6.17,6.35,5.66
199812,0.51,4.26,3.24,-1.15,0.13,15.29,14.33,2.82,9,5.02,3.23,4.22
199901,-3.41,5.43,2.22,-5.51,-3.96,15.13,8.7,-6.27,2.4,0.24,0.53,2.89
199902,-3.79,-4.31,-2.91,-3.16,0.72,-11.46,-2.87,-3.77,-1.49,0.23,0.62,-1.98
199903,-1.96,-0.84,4.41,15.4,5.79,8.58,-0.71,-1.71,2.83,2.56,3.03,0.57
199904,3.75,10.33,8.58,15.89,11.42,2.37,8.28,7.18,0.54,-5.54,6.28,7.88
199905,1.41,-5.54,-2.79,-3.13,-4.25,-0.67,1.05,6.73,-2.9,-2.04,-3.61,-4.2
199906,0.33,0.59,5.87,-1.47,0.94,11.75,5.84,-4.29,7.87,4.5,2.83,4.26
199907,-2.47,-5.98,-1.65,1.57,-0.35,-1.79,-1.61,-0.48,-5.07,-4.44,-5.77,-6.88
199908,-4.62,1.15,-0.39,1.81,-1.02,5.48,-7.58,0.55,-5.97,3.73,-5.28,-4.96
199909,-6.76,-7.76,-1.43,-3.86,-7.65,-0.14,4.43,-4.37,1.47,-7.09,-5.32,-1.44
199910,6.46,4.47,4.94,-1.55,8.07,3.25,9.5,2.24,3.37,10.79,13.97,2.71
199911,-1.22,-1.95,-1.59,3.74,0.34,12.86,4.34,-7.39,4.27,1.49,-3.56,2.35
199912,-2.5,2.89,11.97,0.6,5.56,20.76,4.18,-2.24,6.66,-5.64,-1.06,10.37
200001,-4.78,-0.87,-8.81,0.91,-8.26,-4.77,-3.98,6.06,-11.36,7.54,-4.41,-5.12
200002,-6.19,-8.02,-1.79,-5.66,-10.17,18.02,-3.47,-7.26,-3.74,-2.92,-8.6,-0.97
200003,7.76,10.55,11.07,12.09,-3.88,4.12,7.52,5.77,13.32,0.3,16.67,4.89
200004,-1.82,9.29,1.81,-1.92,0.13,-10.65,-7.87,7.6,-4.47,5.28,-3.9,-1.09
200005,7.22,-13.24,-2.61,9.54,1.87,-10.86,-10.43,3.9,-2.77,3.95,5.11,-1.96
200006,2.39,-9.49,-0.21,-5.35,-4.92,13.01,4.19,-4.76,-2.31,11.52,-4.18,1.64
200007,0.78,4.61,-1.46,-2.56,-1.73,-5.16,-7.36,4.43,-1.34,-6.16,8.83,-0.11
200008,-1.81,4.57,9.21,8.72,1.71,12.56,-1.04,11.73,-2.34,3.54,10.39,6.94
200009,3.46,-4.1,-7.53,4.54,-1.33,-15.06,-4.02,9.63,2.82,3.71,2.21,-3.29
200010,7.64,1.88,2.49,-2.88,8.38,-7.23,-0.35,-2.25,-1.62,2.62,-0.48,-2.4
200011,2.79,-11.21,-5.03,-2.52,0.37,-23.32,-15.59,3.1,-1.36,0.81,-5.48,-7.59
200012,5.47,1.07,6.78,7.61,8.4,-7.99,-4.23,6.58,5.7,3.53,10.08,1.56
200101,-1.92,13.2,1.25,-3.4,-5.74,16.53,14.27,-10.77,6.52,-8.96,-0.4,1.48
200102,0.18,-1.25,-4.83,0.05,-1,-25.97,-9.95,6.24,-5.34,-0.48,-5.33,-2.49
200103,-4.65,-3.06,-5.88,-0.14,-6.82,-13.58,-5.86,1.64,-2.82,-8.44,-3.2,-6.74
200104,0.91,8.44,9.38,10.07,3.09,17.91,2.67,5.46,5.63,3.98,4.09,10.22
200105,3.36,-2.32,2,0.11,3.71,-3.35,-1.32,0.01,1.51,3.02,3.78,3.47
200106,-1.62,3.48,-6.06,-7.49,-0.8,1.4,-3.07,-6.22,-2.51,-2.87,0.73,-1.29
200107,-0.19,3.21,0.48,-2.23,0.59,-7.52,-0.73,-3.8,4.54,2.33,-0.69,-5.98
200108,2.51,-11.36,-2.98,-3.48,0.69,-12.62,-9.26,0.68,-6.96,-3.11,-5.65,-4.95
200109,-2.57,-16.91,-15.98,-5.6,-5.19,-18.97,-2.46,-6.1,-9.57,-0.58,-5.92,-13.63
200110,1.08,0.91,4.77,4.63,1.98,15.69,-9.42,1.36,1.56,1.18,-1.39,0.85
200111,2.08,15.52,8.76,-4.07,7.47,15.98,6.03,-1.32,9.76,5.04,7.15,8.38
200112,2.02,-0.95,3.89,5.92,0,-0.64,2.75,4.24,4.32,-2.89,2.9,4.85
200201,1.92,2.9,2.03,-2.85,0.81,-0.49,-7.22,-4.03,2.58,-2.36,-1.3,-2.41
200202,4.36,3.11,4.57,5.45,3.69,-13.14,-2.39,-0.38,-0.12,-0.49,-1.13,2.1
200203,3.74,6.9,4.91,7.63,5.07,6.42,0.33,9.98,2.12,0.46,6.5,2.54
200204,2.66,1.75,-0.99,-4.6,-2.56,-11.69,-12.7,0.1,-1.68,-7.57,-1.35,-7.15
200205,1.44,-0.2,-0.84,-0.76,0.92,-3.74,2.98,-5.99,-1.5,-2.23,-0.22,-1.69
200206,-5.79,-8.11,-3.81,-0.04,-1.5,-12.2,-14.39,-5.28,-5.11,-9.6,-4.67,-5.54
200207,-6.72,-12.3,-9.93,-11.79,-5.15,-9.56,-11.69,-12,-11.44,-2.55,-7.38,-4.25
200208,2.49,0.4,-2.75,0.58,1.71,-0.89,0.34,3.42,1.89,0.65,2.06,-1.95
200209,-7.68,-11.09,-9.69,-8.15,-5.45,-16.76,-9.32,-10.8,-9.43,-5.86,-10.86,-10.39
200210,5.22,-3.27,4.07,3.2,3.31,19.37,21.34,-0.63,5.68,5.69,7.54,3.55
200211,-1.27,12.09,8.26,3.06,2.02,16.17,11.83,1.57,1.94,3.71,3.53,7.09
200212,0,-7.31,-4.92,0.84,-1.38,-13,-9.07,3.85,-6.93,-4.05,-4.46,-6.31
200301,-4.78,-3.27,-4.43,-2.5,-3.26,-1.5,-3.48,-3.24,-4.74,-0.59,-1.33,-4.66
200302,-3.11,-5.07,-1.77,1.91,-3.22,1.33,-6.44,-3.94,-1.2,-1.94,-3.06,-1.13
200303,-2.67,-2.77,-1.04,1.51,6.19,-0.94,-0.57,4.3,4.63,3.79,0.01,3.21
200304,4.7,15.2,6.8,-0.46,5.58,9.3,11.17,7.28,8.96,4.32,11.22,12.65
200305,9.22,2.84,6.12,8.61,1.83,9.66,6.22,10.1,3.42,3.9,5.72,4.13
200306,1.57,2.68,1.74,-0.98,-1.86,0.26,1.96,0.73,3.43,4.12,0.59,1.62
200307,-2.33,6.54,5.89,-2.57,3.06,5.65,-1.63,-5.19,3.32,0.6,4.53,1.44
200308,0.66,7.81,5.75,6.13,0.7,6.1,1.36,1.92,6.76,-2.54,-0.74,3.69
200309,1.11,-4.14,-5.14,-2.15,-0.55,-0.91,-5.66,3.87,-4.53,0.24,0.65,-0.41
200310,5.59,7.04,10.54,1.64,5.45,8.24,6.69,1.55,9.03,0.73,7.06,5.07
200311,3.78,3.1,2.72,0.63,0.74,1.87,-0.6,0.95,0.57,1.63,0.72,1.73
200312,3.31,12.34,7.21,13.56,5.63,2.15,7.35,5.81,-2.13,5.69,4.27,4.59
200401,0.13,-1.22,-0.8,0.24,-0.29,4.44,1.43,1.91,0.45,3.04,3.34,1.42
200402,4.28,-0.12,1.58,4.53,2.94,-2.95,-0.77,2.09,6.08,0.91,2.79,-0.05
200403,-0.3,-1.19,-0.55,-0.02,0.4,-2.51,-2.41,1.18,0.3,-3.9,-0.65,-0.5
200404,1.51,2.36,-0.85,2.62,1.37,-4.91,-0.49,-3.52,-2.68,3.58,-4.57,-2.1
200405,-2.19,-1.63,1.79,0.63,1.24,4.84,-2.89,1.25,0.27,-0.38,1.86,2.1
200406,1.87,5.04,6.21,5.37,3.47,2.67,0.6,2.03,0.07,-0.38,0.6,3.48
200407,-5.83,-4.64,-3.96,3.35,-4.32,-8.51,-1.33,1.05,-3.98,-5.87,-2.31,-2.7
200408,0.82,-2.22,0.06,-1.34,4.2,-4.55,1.3,3.67,-1.15,1.67,3.14,-0.68
200409,-1.76,2.3,2.93,8.77,-0.26,3.4,1.34,1.38,2.58,-1.42,0.21,3.66
200410,2.86,-3,-1.28,0.63,-1.61,5.15,3.35,4.25,3.08,-2.4,0.57,2.59
200411,4.52,7.28,7.7,6.52,5.96,5.74,3.53,4.89,3.61,0.66,4.67,5.44
200412,4.8,4.87,2.12,-2.27,3.53,3.11,4.28,2.48,3.43,5.66,4.23,4.77
200501,-0.08,-7.02,-2,2.98,-1.16,-6.35,-4.17,1.78,-1.08,-4.05,-2.12,-3.11
200502,0.61,-0.24,4.04,19.36,4.09,0.05,-0.29,2.35,0.86,2.48,-0.27,1.19
200503,-0.88,-7.98,-1.65,-3.5,-0.93,-2.52,-0.12,0.64,0,-0.41,-3.23,-0.63
200504,-1.02,-11.13,-5.12,-5.64,-3.94,-4.45,-1.98,2.14,-5.35,3.95,-0.92,-3.06
200505,2.26,8.82,4.04,2.07,0.5,8.25,1.46,1.63,6.39,1.45,3.33,3.38
200506,-1.61,2.08,-0.67,5.71,-2.17,-1.71,0.17,5.57,2.46,-0.57,2.47,-0.64
200507,2.37,5.42,6.49,6.12,4.28,6,2.98,2.96,5.84,3.73,1.74,4.25
200508,0.03,-2.92,-0.57,5.7,-3.34,-0.41,-1.13,1.23,-5.56,-0.33,-1.45,-2.26
200509,0.05,-5.13,1.05,7.26,0.19,0.79,-1.51,4.38,-1.75,-1.95,1.19,1.52
200510,-2.18,-4.4,-3.32,-10.17,-0.63,-1.56,-3.1,-6.85,1.62,-3.25,2.52,-1.3
200511,1.16,2.24,6.63,1.04,2.66,6.57,2.56,-0.21,4,1.57,4.52,5.89
200512,0.13,-0.67,1.54,0.46,1.22,-1.91,-1.58,1.23,-0.61,2.4,0.3,-0.2
200601,0.23,5.86,6.12,12.55,2.92,3.99,3.72,3.02,1.98,2.15,1.31,2.35
200602,1.28,-0.48,1.53,-8.13,0.34,-1.22,3.31,0.23,1.44,1.07,1.61,-0.07
200603,1.3,2.71,4.34,3.97,0.1,2.97,1.83,-3.62,2.41,-0.96,0.64,4.43
200604,1.17,0.31,4.63,4.67,2.56,-1.05,1.68,1.85,-1.66,-1.93,2.8,1.01
200605,1.84,0.69,-3.47,-3.39,-3.02,-6.95,-0.26,1.51,-1.93,-2.18,-3.61,-3.06
200606,-0.03,1.79,-0.58,2.82,-0.27,-1.22,2.86,2.4,0.27,-0.14,-0.39,-0.23
200607,3.49,-2.96,-4.55,5.14,-1.65,-3.88,2.49,4.88,-4.29,4.27,1.29,-5.92
200608,3.09,2.43,0.36,-3.19,5.76,7.34,2.11,2.32,2.2,2.29,1.5,1.97
200609,-0.31,4.26,2.01,-3.76,1.76,3.63,3.4,-2.11,5.69,1.67,3.63,2.7
200610,2.59,4.99,4.55,5.22,4.15,4.32,5.29,5.34,3.98,1.66,2.06,4.47
200611,1.44,1.8,4.63,8.56,1.29,3.06,0.79,2.99,-1.26,0.05,0.96,3.08
200612,1.98,-0.8,0.06,-2.03,1.48,-1.01,4.29,0.67,1.47,0.08,3.84,1.98
200701,1.35,2.83,3.26,-1.24,3,2.1,2.79,0.4,3.65,3.5,0.43,2.45
200702,-1.79,-0.48,1.05,-2.14,0.26,-2.48,-2.64,4.19,-0.59,-2.8,-2.52,-1.77
200703,2.47,-1.03,1.93,5.91,0.89,0.85,2.33,4.3,0.75,-0.21,-0.36,-0.23
200704,3.74,6.12,5.38,5.2,2.34,4.91,1.94,3.94,2.27,6.84,3.67,2.82
200705,2.81,3.15,6.16,7.05,1.67,3.91,7.13,1.19,2.41,1.12,2.91,4.12
200706,-0.86,1.92,-0.58,0.87,-0.87,0.61,-1.72,-4.79,-1.95,-3.4,-3.58,-1.02
200707,-4.26,-5.76,-0.07,-1.1,0.05,-1.01,-3.1,-3.81,-5.37,-3.98,-7.58,-1.26
200708,1.83,-1.73,-0.19,0.3,2.79,2.87,-0.87,2.01,1.4,2.25,1.53,-0.23
200709,3.76,1.76,4.98,7.82,6.35,4.3,2.12,3.51,-0.71,3.55,1.95,4.13
200710,2.2,0.98,0.48,2.78,2.24,7.09,-2.13,6.74,1.07,1.55,-1.37,2.26
200711,1.04,-9.01,-4.05,-4.35,0.25,-7.47,-6.56,-0.58,-3.77,0.03,-6.17,-6.47
200712,-1.11,-2.26,0.7,7.64,1.55,1.47,-0.38,0.93,-2.72,-4.07,-4.06,-2.8
200801,-4.95,-5.37,-7.46,-9.1,-7.24,-12.6,-7.81,-6.94,-0.43,-4.55,-1.14,-3.53
200802,-0.22,-5.94,-0.22,6.81,2.67,-3.81,-3.68,-3.06,-4.85,-0.91,-10.81,-3.48
200803,1.18,-4.17,-0.7,-2.97,1.4,0.6,-0.2,0.84,1.88,-1.8,-3.83,2.1
200804,-1.38,6.71,6.15,10.7,2.73,6.87,4.64,6.31,5.17,0.42,5.62,0.05
200805,3.67,1.28,4.2,4.17,1.61,5.6,4.86,3.54,1.04,1.63,-4.09,0.65
200806,-7.37,-19.56,-10.93,2.7,-5.9,-8.93,-10.95,-0.52,-8.1,-3,-17.42,-10.34
200807,1.91,-0.16,-2,-15.57,3.22,-0.93,-2.95,-7.14,1.15,6.77,6.79,0.76
200808,1.92,1.84,1.55,-0.02,1.38,2.43,3.9,-0.44,5.38,1.8,-0.07,1.07
200809,-2.96,-8.98,-15.53,-11.99,-9.18,-12.57,-12.77,-11.97,-5.77,-5.95,-4.3,-11.17
200810,-12.2,-32.93,-23.65,-16.53,-15.61,-17.94,-16.22,-11.11,-15.11,-10.95,-20.14,-20.74
200811,-6.73,-10.31,-8.04,0.28,-7.48,-11.07,-2.31,1.23,-7.68,-7.36,-13.95,-8.97
200812,0.3,0.1,3.62,-2.37,-2.11,2.18,3.56,-2.06,4.91,6.74,1.62,1.06
200901,-3.63,-13.81,-9.37,-3.54,-8.84,-3.07,-9.96,-0.82,-7.62,-2.19,-20.89,-13.73
200902,-7.59,-12.45,-15.78,-12.45,-9.76,-4.99,-7.05,-12.59,-3.1,-9.93,-14.67,-13.11
200903,6.38,11.76,8.75,3.94,5.97,11.39,7.63,2.78,9.95,7.04,14.29,10.89
200904,4.79,45.27,20.81,4.44,11.64,12.4,10.34,2.08,9.55,-0.95,17.1,15.38
200905,6.75,-3.47,5.05,10.31,6.18,3.08,1.51,4.64,-0.9,6.25,9.71,4.26
200906,0.34,4.28,-1.15,-4.66,-2.67,4.34,1.53,4.64,-0.33,3.54,-1.8,-2.04
200907,7.44,19.11,10.67,5.29,12.28,8.16,5.52,4.39,6.76,5.53,8.48,9.98
200908,0.83,2.88,4.65,0.75,-0.2,2.37,0.82,0.22,3.7,2.19,10.23,3.86
200909,4.32,2.47,6.54,4.97,6.47,5.26,6.56,2.27,2.38,2.4,1.25,6.94
200910,-0.69,-0.53,-3.65,2.5,-1.09,-1.34,-3.42,-2.69,0.06,-3.69,-4.47,-6.63
200911,3.82,9.49,7.18,3.31,8.25,4.98,6.67,4.54,5.04,8.22,4.29,8.56
200912,2.67,5.32,4.56,-0.6,-0.31,5.93,6.26,5.87,1.96,2.46,0.91,1.98
201001,-2.33,-0.94,-4.36,-4.89,-1.09,-7.93,-6.7,-4.49,-1.85,-0.01,-1.07,-2.56
201002,2.72,7.38,5.83,2.56,4.13,4.81,2.85,-0.41,4.29,0.38,2.7,4.65
201003,5.98,9.49,7.8,3.24,4.11,6.67,7.6,3.13,6.24,3.61,8.17,8.87
201004,-0.93,7.49,4.23,4.05,1.28,2.21,3.59,2.85,2.56,-2.22,0.93,4.31
201005,-5.68,-8.99,-9.19,-10.22,-6.76,-7.68,-5.81,-6.29,-5.34,-8.01,-9.21,-8.21
201006,-1.94,-10.51,-6.44,-6.29,-4.38,-6.21,-3.98,-0.69,-9.03,-1.64,-7.36,-8.2
201007,7.37,15.72,10.16,7.74,8.51,7.53,9.58,6.8,4.6,2.15,6.65,9.01
201008,-1.25,-9.65,-7.19,-3.45,-1.98,-6.47,-2.13,0.38,-3.98,-1.66,-8.43,-5.73
201009,6.2,13.5,12.22,9.27,6.13,12.53,7.95,3.65,12.13,9,7.46,11.48
201010,4.34,8.49,4.44,4.53,6.39,6.42,4.52,1.86,2.42,2.02,1.98,3.69
201011,0.05,7.49,2.77,5.46,-1.1,-0.81,-1.88,-1.32,4.17,-3.34,-0.35,1.91
201012,4.37,8.55,7.26,9.49,6.3,6.02,6.57,3.21,3.25,5.4,10.6,8.27
201101,-2.35,0.29,4.23,6.85,0.09,3.83,0.04,2.21,-0.88,-0.71,2.24,1.36
201102,4.86,-1.75,3.58,7.63,3.31,2.37,7.48,2.45,2.25,3.33,2.59,2.68
201103,3.05,1.77,2.28,2.17,0.77,-1.53,1.6,0.91,1.08,2.29,-1.52,0.35
201104,4.59,2.24,2.09,1.56,4.87,3.08,3.35,3.98,4.52,6.37,0.64,2.01
201105,1.92,-3.54,-2.98,-4.53,-0.41,-1.71,0.9,1.31,0.87,1.96,-2.54,-2.15
201106,-1.01,-1.07,0.1,-2.32,-1.8,-2.41,-1.35,-0.34,-0.92,-1.83,-2.19,-1.82
201107,-0.43,-8.93,-5.93,0.48,-2.15,-0.24,-4.87,-0.35,-0.67,-3.65,-3.91,-3.41
201108,-0.68,-12.02,-7.57,-9.94,-3.14,-6.9,-5.22,0.16,-2.91,-3.09,-9.13,-5.48
201109,-4.86,-14.1,-11.8,-12.16,-9.57,-4.84,-5.79,-1.63,-3.9,-3.96,-11.14,-9.43
201110,6.45,23.24,16.22,16.11,10.08,11.94,7.57,6.7,9.8,5.54,13.41,12.99
201111,1.4,-8.04,1.84,2.16,0.56,-1.98,0.29,1,1.09,1.27,-2.92,-0.06
201112,1.88,-1.18,-1.73,-0.35,1.05,-1.44,3.18,2.96,0.91,3.53,1.8,0.35
201201,0.44,13.55,8.08,0.97,4.14,8.18,2.44,-2.69,4.06,3.38,7.21,6.23
201202,3.97,6.03,3.92,6.45,3.66,6.64,4.78,1.26,3.15,1.23,6.5,0.7
201203,3.91,0.91,0.08,-3.22,1.94,4.73,2.5,1.45,4.65,3.96,6.92,1.92
201204,0.82,-7.02,-0.94,-1.59,-0.14,-2.08,1.73,1.75,0.96,0.61,-2.46,-0.62
201205,-2.65,-8.15,-8.64,-10.5,-6.13,-7.92,-1.07,-0.93,-3.07,-3.28,-9.05,-4.71
201206,3.34,-5.58,0.74,5.82,2.12,2.84,7.09,3.39,2.13,6.8,4.53,5.24
201207,1.37,0.36,0.57,2.75,1.47,-0.55,4.06,3.73,1.26,1.65,-1.11,-0.89
201208,0.21,4.13,3.5,2.4,3,4.52,1.08,-3.34,2.74,0.98,4.11,1.07
201209,0.88,3.6,1.44,3.78,1.96,1.62,4.81,2.17,1.97,4.67,3.66,4.08
201210,-1.71,5.96,-0.42,-1.8,-1.08,-6.4,-2.25,1.05,-0.99,-1.88,1.97,-0.96
201211,3.26,3.12,2.92,-1.5,2.13,1.87,0.09,-3.68,1.46,1.5,-0.74,0.83
201212,-2.26,7.31,3.73,1.31,1.1,0.35,1.17,0.14,-1.12,-0.53,4.43,2.27
201301,5.1,3.51,5.63,7.32,6.75,2.48,4.91,5.08,5.58,8.08,6.32,7.76
201302,3.21,0.01,1.3,0.69,1.28,0.57,2.21,2.16,0.86,1.35,1.17,2.38
201303,5.02,4.02,3.18,2.09,1.6,2.57,5.73,5.64,4.69,6.52,4.56,3.41
201304,3.82,3.63,-0.23,-1.35,2.78,0.5,4.25,5.05,2.67,2.58,1.59,-0.04
201305,-2.29,9.89,4.55,3.05,1.3,4.27,-1.72,-6.99,2.24,1.61,7.22,4.38
201306,0.07,-0.48,-1.58,-2.38,-2.76,-2.8,2.16,0.79,-0.07,-1.36,-0.46,-2.24
201307,2.92,8.97,6.34,5.16,5.35,5.94,3.52,4.58,5.9,7.87,6.42,4.1
201308,-3.91,-1.08,-1.74,-1.95,-1.94,-0.07,-3.22,-4.41,-4.23,-3.86,-4.24,-2.81
201309,1.94,6.42,6.73,1.92,2.6,3.87,4.17,1.04,4.5,4,3.12,4.69
201310,4.75,0.87,4.06,4.78,5.3,3.92,5.81,3.34,5.09,3.83,3.29,4.32
201311,1.3,1.96,3.15,0.93,2.4,3.51,0.25,-1.8,3.67,4.44,6.1,2.4
201312,2.41,1.13,4,3.08,1.21,4.12,3.72,1.79,0.28,0.63,2.7,3.58
201401,-5.7,-3.69,-4.03,-6.88,-4.66,-1.21,-3.8,2.49,-6.44,1.57,-4.24,-4.61
201402,3.46,7.87,5.34,5.59,5.54,5.18,2.63,3.07,5.34,6.49,3.23,3.87
201403,3.26,-1.06,-0.11,2.46,1.18,-0.83,0.17,2.68,-0.58,-2.54,2.46,2.11
201404,1.42,0.34,0.61,5.67,1.54,-1.18,0.39,3.97,-0.94,-0.29,-3.6,1
201405,3.44,0.69,1.26,0.86,1.21,3.5,3.84,0,0.95,1.89,1.73,1.69
201406,1.17,4.39,2.2,4.06,-0.32,2.91,1.68,5.41,1.29,2.85,3.03,0.96
201407,-4.31,-4.6,-4.66,-3.53,-2.87,0.33,0.67,-6.4,-2.29,-0.26,-2.01,-2.31
201408,5.54,5.19,4.65,2.32,5.1,4.2,0.44,5.32,4.99,5.49,3.82,5.3
201409,-0.08,-9.42,-2.96,-7.79,-0.96,-1.32,-1.66,-3.37,-1.44,-0.22,-0.56,-1.57
201410,2.64,3.79,2.99,-4.17,0.93,1.32,1.24,6.69,3.07,5.88,3.91,2.6
201411,4.79,4.75,2.1,-9.56,2.57,4.26,2.82,0.26,7.5,2.51,1.86,3.96
201412,-2.36,0.58,-0.61,0.58,0.65,-1.29,-1.78,1.89,1.6,-0.83,2.12,-0.2
201501,-0.55,-4.3,-3.96,-4.32,-3.54,-3.44,-4.75,1.22,-0.28,1.58,-7.69,-4.01
201502,5.03,8.13,6.1,4.71,6.25,8.23,8.89,-4.39,5.52,4.23,7.96,5.44
201503,-2.43,-0.45,-1.51,-2.54,-2.92,-2.46,-2.18,-0.32,0.71,0.73,0.15,-1.96
201504,0.81,-0.98,-0.77,6.66,-0.47,1.45,3.41,0.28,-2.21,-1.42,0.77,0.07
201505,1.53,1.04,1.08,-5.1,0.69,1.91,0.54,-0.49,0.93,4.86,3.12,-0.19
201506,-1.32,-1.59,-1.94,-3.73,-1.57,-3.48,-0.29,-5.36,-0.58,0.16,1.41,-2.81
201507,4.84,-2.1,-1.81,-8.81,-2.42,2.54,1.44,2.68,4.82,3.52,2.02,2.17
201508,-4.15,-6.15,-4.82,-3.7,-7,-5.85,-8.34,-4.02,-5.33,-8.34,-6.5,-5.61
201509,-0.6,-3.3,-4.29,-5.68,-3.86,-1.42,-2.49,-0.48,-1.77,-6.87,-3.19,-2.91
201510,6.68,6.82,8.26,12.14,11.35,10.16,9.07,2.1,4.51,7.54,5.86,7.33
201511,-0.93,1.92,0.51,1.07,0.29,1.17,-1.97,-3.4,0.88,0.49,2.19,-0.23
201512,0.8,-3.99,-3.57,-9.52,-0.78,-2.62,-3.07,-2.32,0.3,0.32,-2.87,-2.2
201601,0.13,-12.6,-6.17,-4.38,-4.7,-6.03,0.17,4.66,-4.16,-9.97,-9.68,-6.19
201602,0.64,4.06,3.67,-2.88,2.85,-0.94,0.93,1.75,0.08,-0.95,-2.99,4.01
201603,4.97,10.78,7.2,10.8,5.97,8.33,6.06,7.86,5.71,3.94,6.61,7.62
201604,0.29,1.51,2.59,9.11,1.74,-4.03,0.71,-0.84,-0.63,4.94,4.11,0.08
201605,0.68,-1.16,-0.68,-0.61,-0.67,5.05,0.3,2.23,0.98,2.39,2.19,-0.91
201606,4.72,-5.75,0.67,2.6,1.3,-1.84,3.55,7.41,0.84,-0.09,-5.33,1.09
201607,-0.07,8.76,4.71,-2.76,2.83,7.76,2.37,-0.19,3.49,6.12,4.09,2.82
201608,-0.63,0.35,1.21,1.47,1.96,1.81,-3.59,-3.9,-1.44,-3.12,4.91,1.23
201609,-2.52,-1.63,-0.06,2.82,-0.44,2.34,0.73,1.76,-0.69,0.56,-1.42,-0.96
201610,-0.14,-3.57,-2.76,-2.8,-2.33,-1.07,-2.76,-0.59,-3.97,-7.49,1.52,-0.64
201611,-3.85,7.62,9.17,9.35,0.78,0.49,6.44,-2.82,4.44,2.4,12.99,8.84
201612,3.51,3.87,0.34,2.1,0.79,0.8,4.77,3.64,-0.42,0.71,3.84,1.63
201701,1.63,2.74,3.19,-4.36,3.81,4.67,2.88,1.08,1.01,2.02,0.57,1.54
201702,3.69,0.66,4.14,-2.4,4.19,4.98,0.13,4.05,2.8,6.97,4.57,2.34
201703,0.91,0.11,-0.29,-1.19,0.85,2.11,1.05,0.32,0.8,0.03,-2.29,-0.7
201704,0.52,1.73,2.71,-2.66,0.29,2.71,0.02,0.38,2.71,0.91,0.18,0.36
201705,3.12,-0.51,1.55,-3.28,0.83,4.19,-1.56,2.56,1.63,-0.25,-1.06,0.6
201706,-1.03,3.51,1.63,-0.08,0.63,-2.13,-2.22,-1.89,-1.9,5.54,5.84,1.79
201707,-0.13,-1.17,2.31,2.07,1.94,3.77,5.27,2.98,0.12,0.7,1.91,0.82
201708,-1.73,-0.1,-0.21,-5.09,1.17,3.06,-2.64,2.2,-1.67,2.58,-1.22,1
201709,-0.33,5.28,4.98,10.95,2.34,0.66,-1.67,-1.97,2.43,2.05,5.22,3.02
201710,0.09,1.25,3.62,0.49,0.92,6.85,-5.68,3.07,2.72,-2.27,3.39,0.23
201711,4.11,-0.57,3.48,2.99,3.8,1.03,3.76,2.42,8.04,2.46,3.92,3.69
201712,2.01,-0.89,2.51,5.01,1.77,-0.11,4.47,-5.02,2.46,-0.17,1.05,2.09
201801,1.9,2.61,6.16,2.86,-0.53,7.83,3.13,-2.83,9.37,6.37,6.16,5.55
201802,-6.22,-6.04,-3.26,-10.74,-5.76,-0.03,-7.12,-4.52,-4.7,-3.53,-2.56,-4.5
201803,-1.05,-5.61,-3.22,2.97,0.59,-3.3,-2.6,3.2,-2.52,-2.42,-3.44,-1.47
201804,-3.96,-0.14,-3.56,10.01,-2.78,-0.06,-2.38,2.77,3.91,-0.04,1.21,-0.67
201805,-0.51,2.97,3.26,3.43,0.81,6.82,-0.85,0.21,0.89,2.29,0.4,2.6
201806,4.52,0.73,-2.15,0.55,2.19,-0.32,6.44,2.61,3.06,1.49,-0.98,-1.08
201807,2.8,-1.56,5.78,1.12,3.73,2.19,2.71,1.73,3.21,5.99,4.25,3.69
201808,-1.07,-0.56,-0.98,-2.84,1.2,7.3,3.08,0.91,8.04,4.4,2.48,2.48
201809,0.71,-3.79,2.49,3.35,-0.91,-0.22,1.64,-0.55,0.63,2.14,-2,0.1
201810,-0.24,-3.18,-11.6,-11.87,-6.23,-8.79,-0.34,-0.06,-8.75,-8.7,-5.54,-8.31
201811,0.46,5.17,4.15,-2.17,5.5,-1.62,2.62,3.27,2.47,6.46,2.82,3.42
201812,-11.23,-11.43,-9.87,-13.02,-6.3,-8.04,-8.77,-4.75,-9.06,-8.18,-11.48,-9.35
201901,7.3,10.73,11.85,10.32,5.66,9.49,5.56,5.41,8.2,5.25,9.77,8.45
201902,1.42,3.97,5.67,2.46,4.45,5.67,3.25,3.62,0.78,3.23,2.87,2.5
201903,3.68,-5.29,-2.14,1.99,1.91,3.75,0.39,3.32,3.37,0.48,-2.35,0.35
201904,3.19,3.35,3.84,0.25,4.46,6.02,6.31,1.02,4.59,-3.13,7.11,5.82
201905,-5.54,-12.09,-9.89,-11.81,-7.75,-8.48,-2.97,-1.54,-6.04,-3.37,-5.52,-7.42
201906,4.93,13.01,9.66,8.86,5.23,7.83,4.96,3.64,7.14,6.84,6.24,7.65
201907,1.73,1.02,-0.32,-2.67,3.23,3.67,1.91,-0.99,0.91,-2.19,3.12,-0.59
201908,-1.33,-4.33,-2.06,-8.74,-0.8,-2.76,0.43,3.44,0.07,-0.61,-4.73,-3.98
201909,1.85,3.28,4.45,3.71,2.88,1.03,1.44,3.92,0.77,-0.94,2.55,1
201910,-0.02,7.3,0.66,-2.07,-1.56,3.25,2.25,-1.42,0.73,4.73,3.37,2.4
201911,2.19,2.74,4.49,1.21,0.92,5.11,1.91,-2.15,2.16,5.53,5.7,3.82
201912,3.53,5.07,1.11,6.18,2.11,3.68,1.23,4.13,1.37,3.45,2.62,2.14
202001,-0.38,5.89,-2.85,-11.87,-3.15,3.34,-1.99,4.83,0.93,-2.01,-2.31,0.13
202002,-8.73,-7.29,-8.47,-15.3,-8.83,-6.94,-5.95,-9.85,-6.8,-5.39,-10.65,-8.55
202003,-11.49,-22.76,-20.06,-34.49,-10.25,-9.64,-13.37,-13.01,-7.6,-5,-20.02,-17.25
202004,8.01,25.86,10.04,32.38,12.56,15.2,9.56,5.07,18.04,13.41,11.91,8.87
202005,3.3,7.22,6.58,0.52,4.93,8.23,4.78,4.56,4.42,4.05,3.76,4.16
202006,-0.03,14.31,3.32,-0.4,1.09,6.1,-2.52,-5.02,4.2,-1.52,-0.35,0.26
202007,5.87,18.43,2.92,-4.8,7.4,6.91,5.07,6.37,9.5,4.43,1.9,6.86
202008,4.45,40.19,6.99,-1.07,5.17,10.56,5.52,-2.25,8.16,2.45,5.06,10.03
202009,-1.98,-8.97,-0.05,-14.9,0.03,-5.15,-2.12,-0.27,-3.87,-1.47,-4.12,-1.32
202010,-2.56,-3.29,-0.8,-4.53,-0.68,-1.84,-3.85,4.49,-2.57,-4.42,-1,-2.94
202011,10.02,33.85,16.85,28.46,8.45,10.84,14.43,2.63,8.38,9.51,16.37,14.72
202012,5,15.65,2.93,6.16,1.96,4.95,5.29,0.63,1.49,4.77,6.89,3.16
202101,-4.11,11.45,-1.53,4.64,-4.37,0.56,-3.42,-0.4,0,3.19,-3,-2.5
202102,1.35,-7.93,7.75,23.31,1.2,1.6,4.5,-4.6,-1.65,-1.37,10.79,7.81
202103,7.21,0.59,7.67,2.27,7.25,0.73,1.59,10.35,5.54,0.13,5.75,5.33
202104,3.36,4.37,2.39,0.71,2.86,6.5,3.15,3.98,7.06,2.89,6.29,5.37
202105,1.93,-5.26,2.94,6.13,2.2,-0.87,-0.83,-1.17,-2.21,0.02,3.07,2.64
202106,-0.74,5.66,-0.07,5.5,-2.37,6.97,-0.12,-1.42,2.84,4.28,-2.17,-2.74
202107,0.2,-0.69,0.88,-8.52,2.4,3.45,0.31,2.98,0.26,3.15,0.28,-1.27
202108,-0.29,1.73,0.68,-1.35,0.2,4.68,1.4,3.23,2.39,2.85,2.66,2.3
202109,-4.57,2.84,-6.24,10.63,-4.69,-6.27,-5.65,-4.84,-4.2,-5.94,-1.59,-3.5
202110,3.75,30.63,4.51,10.25,5.94,7.69,-4.3,5.11,4.96,2.32,6.87,7.32
202111,-3.77,1.7,-1.09,-5.46,0.43,0.99,-7.24,-1.96,1.5,-4.18,-5.67,-3.97
202112,8.05,-4.44,4.15,3.09,9.6,1.78,3.86,8.57,1.34,6.74,4.85,5.3
202201,-0.67,-10.15,-5.57,17.35,-6.25,-8.27,-1.99,-2.1,-8.95,-8.6,-0.62,-6.21
202202,-0.53,-7.21,-0.16,8.08,-3.47,-5.14,0.26,-1.11,-1.55,-1.05,-1.66,0.22
202203,0.41,14.76,1.27,9.98,0.01,3.3,-2.46,9.68,3.03,5.15,-0.95,5.05
